Cust_Id,FirstName,LastName,DOB,Age,PhoneNumber,Email_ID,MembershipID,DL_Number
30,Nertie,Josephoff,1988-12-11,34,(858) 2946333,njosephoff0@patch.com,M31,W7050353
31,Rory,Burghall,1989-01-23,34,(514) 4737096,rburghall1@gmpg.org,M367,J1532897
32,Jenn,Farman,2002-06-01,20,(576) 1378150,jfarman2@bbc.co.uk,M756,T4023279
33,Glynda,Venners,2001-09-05,21,(662) 4325726,gvenners3@furl.net,M129,Y4229476
34,Shalna,Oldfield,1990-03-06,33,(748) 6019969,soldfield4@mediafire.com,M904,Y9991448
35,Yehudi,Stringer,1987-04-21,35,(634) 8115472,ystringer5@whitehouse.gov,M678,V7061552
36,Collen,Osmon,2002-12-15,20,(295) 9567994,cosmon6@uol.com.br,M947,X3187694
37,Karolina,Stebbings,1982-08-01,40,(924) 5147354,kstebbings7@businessinsider.com,M392,K9923168
38,Pierce,Gile,1983-09-13,39,(806) 8941544,pgile8@geocities.jp,M123,D6738926
39,Dal,Knightley,2007-01-31,16,(838) 1772769,dknightley9@indiegogo.com,M549,K4030432
40,Hugo,Tarborn,2001-03-12,22,(646) 8847755,htarborna@dedecms.com,M813,C7363241
41,Theodora,Tingey,1987-01-09,36,(575) 5870748,ttingeyb@devhub.com,M584,X1286524
42,Julio,Jevon,1996-02-22,27,(210) 6516590,jjevonc@bloomberg.com,M440,X7259017
43,Jared,Rodenhurst,1982-01-14,41,(901) 5529369,jrodenhurstd@umich.edu,M983,W2641730
44,Osbourn,Downie,1988-11-18,34,(244) 9532316,odowniee@ucla.edu,M723,Q8109252
45,Jammal,Picken,1986-05-12,36,(460) 1281047,jpickenf@blog.com,M446,J3855007
46,Dyanna,Bonafacino,1986-03-29,37,(993) 6945406,dbonafacinog@github.io,M588,J4126696
47,Petronilla,Hryncewicz,2007-09-21,15,(998) 1964296,phryncewiczh@redcross.org,M100,N9603045
48,Justinian,Bruton,1981-09-02,41,(864) 6215784,jbrutoni@cnet.com,M795,R9894770
49,Siobhan,Filov,1987-05-14,35,(842) 5246338,sfilovj@uol.com.br,M576,D9032421
50,Gauthier,Brody,1997-03-20,26,(113) 1136780,gbrodyk@comcast.net,M35,C7417097
51,Eliza,Fabri,2002-12-06,20,(935) 8966177,efabril@weather.com,M608,Q1429821
52,Emyle,McClory,2003-08-24,19,(599) 8140070,emcclorym@discuz.net,M84,O6779913
53,Casie,Garvagh,1996-07-18,26,(765) 6982941,cgarvaghn@youtube.com,M327,O4163038
54,Lucien,Ciobotaro,1981-06-10,41,(323) 3666820,lciobotaroo@networkadvertising.org,M599,F1947978
55,Fonzie,Craigg,1996-10-14,26,(949) 3100743,fcraiggp@clickbank.net,M41,Z9018817
56,Thayne,May,2008-08-28,14,(806) 9905181,tmayq@shutterfly.com,M158,B7588360
57,Miles,Charlot,1997-07-18,25,(138) 9983129,mcharlotr@github.io,M396,Z3492338
58,Tami,Creak,1995-10-02,27,(888) 9295421,tcreaks@youku.com,M349,D8333438
59,Fanny,Lumbers,2006-03-23,17,(819) 5247669,flumberst@state.gov,M239,Z5270134
60,Bernetta,Winterbottom,2008-08-12,14,(739) 9826390,bwinterbottomu@slashdot.org,M260,U4850364
61,Cullen,Polon,2000-03-28,23,(193) 9209378,cpolonv@i2i.jp,M482,G1927597
62,Steffen,Padbery,2010-05-28,12,(513) 7452740,spadberyw@ebay.com,M108,Z8843014
63,Nancie,Ditchburn,2004-03-28,19,(448) 3128569,nditchburnx@nyu.edu,M155,R1059996
64,Nikki,Voff,1989-10-07,33,(317) 8261710,nvoffy@tmall.com,M531,K1892201
65,Magdaia,Kubach,1996-04-14,26,(838) 2307796,mkubachz@bigcartel.com,M992,V2504225
66,Sharon,Clandillon,1991-04-08,31,(420) 6919172,sclandillon10@com.com,M103,H2999531
67,Shaine,Prisley,2007-06-24,15,(690) 2188438,sprisley11@netvibes.com,M591,K3280164
68,Bron,Doni,1992-04-19,30,(150) 6405975,bdoni12@w3.org,M326,A3096812
69,Hew,Schimon,1990-03-23,33,(431) 5998362,hschimon13@instagram.com,M674,E7853325
70,Gerry,Barkhouse,1983-06-07,39,(141) 7836403,gbarkhouse14@marriott.com,M162,O2774350
71,Olive,Kleinhausen,2009-02-03,14,(230) 3892096,okleinhausen15@europa.eu,M469,O4597704
72,Bank,Dreakin,1995-03-26,28,(458) 2725609,bdreakin16@blogtalkradio.com,M83,G7092900
73,Joshuah,Reneke,1992-10-20,30,(398) 9257998,jreneke17@linkedin.com,M700,E2322511
74,Franny,O'Hdirscoll,1997-04-22,25,(243) 3298911,fohdirscoll18@spiegel.de,M372,H9984004
75,Quintana,Yurkiewicz,1997-08-23,25,(338) 5075840,qyurkiewicz19@ted.com,M931,C2368359
76,Alfonso,Paydon,1985-09-17,37,(619) 3267715,apaydon1a@dion.ne.jp,M797,E9900050
77,Odelle,Etty,1996-09-17,26,(101) 1265913,oetty1b@instagram.com,M262,F3741702
78,Tina,O' Mara,1982-03-22,41,(268) 9466496,tomara1c@intel.com,M409,B9548906
79,Bab,Ponceford,1982-07-21,40,(792) 8453746,bponceford1d@google.com.hk,M328,I4180427
80,Kermy,Warstall,1990-04-04,32,(982) 4636378,kwarstall1e@mayoclinic.com,M411,C3311467
81,Dane,Venable,2002-01-10,21,(914) 9650845,dvenable1f@wired.com,M625,D8721819
82,Cyrille,Rubinow,2009-02-28,14,(190) 9613056,crubinow1g@php.net,M187,B1475942
83,Sydelle,Torrecilla,1989-08-23,33,(856) 3402806,storrecilla1h@sbwire.com,M722,W2991697
84,Consuela,Sommersett,1997-03-10,26,(728) 5614116,csommersett1i@mac.com,M571,O3848892
85,Nikola,MacNair,1981-05-10,41,(580) 4325970,nmacnair1j@dedecms.com,M358,Q3487276
86,Herta,Ableson,1983-09-09,39,(765) 9342471,hableson1k@imdb.com,M594,W2508819
87,Brit,Cansdill,2000-04-27,22,(889) 9656651,bcansdill1l@engadget.com,M381,U6128339
88,Antonietta,Leuty,1995-10-15,27,(343) 6293512,aleuty1m@boston.com,M653,E3416765
89,Isis,Gryglewski,1980-03-17,43,(629) 2796501,igryglewski1n@census.gov,M704,U6250218
90,Davidson,Smallbone,1991-02-15,32,(316) 6752143,dsmallbone1o@privacy.gov.au,M204,O1048402
91,Bendick,De Santos,1995-01-23,28,(419) 5053985,bdesantos1p@dedecms.com,M72,X5926578
92,Kearney,Hane,1980-11-28,42,(964) 1267657,khane1q@godaddy.com,M828,T8083608
93,Brien,Lennarde,2010-01-03,13,(687) 5232364,blennarde1r@exblog.jp,M669,E1173405
94,Matthiew,Kleinmann,1987-03-22,36,(471) 6421894,mkleinmann1s@free.fr,M131,R2566527
95,Sean,Buxam,1981-04-26,41,(583) 7338130,sbuxam1t@issuu.com,M226,K5617326
96,Reid,Francesconi,1988-03-09,35,(960) 1996570,rfrancesconi1u@ehow.com,M570,J1183233
97,Brad,Kenrat,2000-08-22,22,(282) 2763882,bkenrat1v@de.vu,M579,S4478229
98,Gabbey,Bootton,1982-11-25,40,(480) 2940475,gbootton1w@ox.ac.uk,M323,V8268581
99,Richmond,Trewhella,1982-07-02,40,(851) 9226948,rtrewhella1x@guardian.co.uk,M407,L2791230
100,Glenn,Itzcovich,1994-06-30,28,(885) 2319920,gitzcovich1y@wufoo.com,M911,Z6388511
101,Jarvis,Desouza,2006-10-21,16,(979) 8418578,jdesouza1z@multiply.com,M311,T8041527
102,Ximenes,Harbron,2002-06-14,20,(179) 2990183,xharbron20@about.me,M112,R6174358
103,Calli,Charlon,1986-04-03,36,(896) 6843696,ccharlon21@ow.ly,M951,D2538621
104,Breanne,Gallichan,2007-05-18,15,(598) 5867708,bgallichan22@abc.net.au,M800,T3413207
105,Hazel,Carlaw,2007-11-29,15,(682) 3019780,hcarlaw23@g.co,M886,C8991244
106,Bastian,Anetts,2010-05-10,12,(943) 2585370,banetts24@businessinsider.com,M511,V5619673
107,Merrel,Curreen,1980-04-29,42,(193) 5628865,mcurreen25@wordpress.com,M581,N9197144
108,Giacopo,Burbank,2010-12-10,12,(808) 9783173,gburbank26@newsvine.com,M809,S4076048
109,Guenna,Caras,2007-03-25,16,(267) 1019585,gcaras27@narod.ru,M201,D3044500
110,Feliks,Demsey,2000-03-29,23,(587) 5707966,fdemsey28@si.edu,M322,H5597903
111,Ronny,Gratrex,1987-03-12,36,(960) 8317263,rgratrex29@google.de,M529,Y6741588
112,Woodrow,Issakov,1981-02-25,42,(104) 8532393,wissakov2a@redcross.org,M695,N7865617
113,Frasier,Van der Velde,2010-07-01,12,(645) 7556505,fvandervelde2b@adobe.com,M545,E3744714
114,Alf,Downgate,1995-11-25,27,(268) 5589909,adowngate2c@acquirethisname.com,M32,P9969537
115,Etti,Jaquest,1987-06-08,35,(756) 6022149,ejaquest2d@google.de,M765,L8555370
116,Kizzie,Elphick,1996-10-30,26,(923) 3543978,kelphick2e@bizjournals.com,M856,G1162336
117,Fons,Jonuzi,1997-01-05,26,(546) 4977297,fjonuzi2f@oakley.com,M406,O1629453
118,Tammara,Birtle,2005-08-01,17,(925) 4621794,tbirtle2g@oakley.com,M709,L7385337
119,Nerty,Colloff,2000-10-20,22,(102) 3430250,ncolloff2h@ezinearticles.com,M689,H3597997
120,Winona,Sackett,1996-10-29,26,(748) 6581741,wsackett2i@webs.com,M306,O8156174
121,Blakeley,Fidilis,1986-01-20,37,(100) 6892817,bfidilis2j@jigsy.com,M513,U1804836
122,Bronny,Whitticks,1984-12-18,38,(211) 3777695,bwhitticks2k@facebook.com,M474,X1476567
123,Anabella,Bonn,1990-03-13,33,(184) 7560542,abonn2l@twitpic.com,M755,U5016185
124,Filmore,Antonovic,1998-08-17,24,(132) 1460966,fantonovic2m@va.gov,M635,B6735504
125,Bab,McCory,2008-07-31,14,(586) 5591020,bmccory2n@mlb.com,M966,U7571594
126,Meade,Pescott,2008-11-05,14,(974) 6712501,mpescott2o@zimbio.com,M122,U3868577
127,Vaclav,Fairley,2009-01-01,14,(233) 9976914,vfairley2p@nymag.com,M738,W2548769
128,Winnie,Tapner,1997-12-27,25,(604) 4229216,wtapner2q@sakura.ne.jp,M451,X9073501
129,Suzette,Griffith,1989-11-26,33,(957) 4937618,sgriffith2r@usnews.com,M820,B3979851
130,Lay,Waterstone,2009-03-08,14,(846) 8820813,lwaterstone2s@spotify.com,M658,L5923863
131,Lamond,Potte,2007-10-26,15,(234) 9719961,lpotte2t@usgs.gov,M917,S7159045
132,Amby,Vallow,1986-08-12,36,(379) 4690397,avallow2u@devhub.com,M279,X1786793
133,Doyle,Bearward,1988-05-29,34,(665) 2528595,dbearward2v@cbslocal.com,M812,W1894229
134,Noel,Klempke,2010-04-06,12,(906) 7177784,nklempke2w@sbwire.com,M475,C6586600
135,Willamina,Milksop,1992-03-08,31,(158) 9022318,wmilksop2x@nhs.uk,M154,O7354116
136,Amber,Mullard,2002-03-21,21,(965) 3285299,amullard2y@mediafire.com,M857,B2475590
137,Chad,Chate,1981-05-13,41,(242) 2281706,cchate2z@furl.net,M841,O7073022
138,Thaddus,Franz-Schoninger,1990-12-24,32,(784) 6327235,tfranzschoninger30@newsvine.com,M675,H8257031
139,Glyn,Viney,1992-01-10,31,(459) 8118321,gviney31@indiegogo.com,M822,T3051438
140,Casper,Howford,2003-01-19,20,(312) 1108627,chowford32@cornell.edu,M491,C4713044
141,Zelig,Britnell,1991-06-14,31,(322) 5708857,zbritnell33@amazon.de,M802,M6061056
142,Jase,Grosvenor,2005-03-09,18,(242) 3317832,jgrosvenor34@ed.gov,M805,D8825055
143,Norri,Inge,1988-10-18,34,(289) 1090975,ninge35@boston.com,M457,N7485377
144,Clarence,Benoit,2008-02-01,15,(157) 9169464,cbenoit36@stumbleupon.com,M251,D5638758
145,Kellby,Bligh,1995-02-08,28,(685) 9196930,kbligh37@creativecommons.org,M751,K2056455
146,Laurene,Ghiroldi,1991-11-14,31,(527) 8462274,lghiroldi38@google.nl,M705,D6993859
147,Trish,Hoyt,2007-12-28,15,(904) 1881676,thoyt39@t-online.de,M713,K2262418
148,Claudie,Jean,2010-04-20,12,(248) 4091700,cjean3a@dell.com,M308,K8668697
149,Emelia,Worswick,1984-12-21,38,(601) 8797728,eworswick3b@taobao.com,M424,C2634664
150,Roland,Riddock,1998-11-12,24,(454) 2758288,rriddock3c@theglobeandmail.com,M415,A3957634
151,Caitrin,Kynder,2005-12-02,17,(356) 1064865,ckynder3d@apache.org,M59,N9445053
152,Hendrick,Quillinane,1999-12-19,23,(634) 1806721,hquillinane3e@cpanel.net,M185,L5833406
153,Jacenta,Langsdon,1980-08-24,42,(429) 7839600,jlangsdon3f@addtoany.com,M899,L4757643
154,Raimund,Vispo,1991-06-17,31,(186) 1335019,rvispo3g@bandcamp.com,M546,X2853391
155,Emmy,Peasnone,1984-07-14,38,(704) 5603124,epeasnone3h@kickstarter.com,M182,V3602383
156,Lauree,McDermot,1991-11-02,31,(510) 9064373,lmcdermot3i@nature.com,M892,M2472897
157,Glory,Jeromson,2008-08-21,14,(558) 4315043,gjeromson3j@salon.com,M982,U7790191
158,Hadleigh,Ellesmere,2008-12-23,14,(119) 1994253,hellesmere3k@tripadvisor.com,M649,Z6660152
159,Gianni,Alentyev,1989-10-01,33,(880) 2481711,galentyev3l@ow.ly,M278,H7389058
160,Winne,Treneman,1996-07-30,26,(487) 1242546,wtreneman3m@tinypic.com,M101,I7326512
161,Katuscha,Keyho,2001-03-03,22,(700) 8867641,kkeyho3n@google.com.br,M997,Q5758265
162,Aurilia,Tart,2006-09-30,16,(625) 3749769,atart3o@fastcompany.com,M533,S8891972
163,Alric,Hynd,1999-02-22,24,(289) 3999978,ahynd3p@altervista.org,M535,O8563367
164,Lira,Janic,1984-09-08,38,(143) 8809900,ljanic3q@de.vu,M330,T1348928
165,Ashleigh,Boylin,1996-02-18,27,(692) 1202657,aboylin3r@cbc.ca,M832,B6049187
166,Debbi,Tilston,1991-08-27,31,(889) 7232807,dtilston3s@tripod.com,M245,J2494922
167,Hubie,Labrom,1987-01-19,36,(659) 8855203,hlabrom3t@cafepress.com,M114,K9184612
168,Scotti,Levings,1988-02-03,35,(701) 4238590,slevings3u@google.com,M893,V5180983
169,Shannon,Hanmore,1997-05-30,25,(679) 9393477,shanmore3v@netscape.com,M816,E3892100
170,Sloan,Astlatt,2000-06-17,22,(356) 3854181,sastlatt3w@hc360.com,M301,V7943693
171,Aldon,Stoner,1986-05-11,36,(306) 6524810,astoner3x@linkedin.com,M735,W8859629
172,Gloriana,Kroll,2000-01-11,23,(496) 6318890,gkroll3y@acquirethisname.com,M900,N4504555
173,Livia,McLennan,1980-12-02,42,(186) 4258607,lmclennan3z@naver.com,M382,H9388882
174,Darlleen,Wickendon,1990-03-15,33,(727) 1047013,dwickendon40@163.com,M732,D3664478
175,Melessa,Bampkin,1999-02-19,24,(670) 5385878,mbampkin41@princeton.edu,M171,X9383673
176,Andromache,Husselbee,2004-06-21,18,(331) 9155393,ahusselbee42@cbsnews.com,M547,M3875322
177,Temp,Absolom,2003-05-24,19,(771) 1976439,tabsolom43@miitbeian.gov.cn,M808,E9562350
178,Velma,MacMorland,2006-09-26,16,(299) 1702369,vmacmorland44@smh.com.au,M378,C7130362
179,Constantin,Wurz,2000-11-13,22,(679) 6417505,cwurz45@cisco.com,M315,F5232427
180,Lainey,Pierce,2000-03-04,23,(971) 6508555,lpierce46@yolasite.com,M768,B5511468
181,Stanislaus,Shillabear,1998-07-18,24,(842) 6343672,sshillabear47@devhub.com,M133,C8804899
182,Frances,Gollin,1989-05-26,33,(530) 7040515,fgollin48@netscape.com,M220,C4952280
183,Zebulon,Barlace,2007-03-24,16,(300) 2906773,zbarlace49@nyu.edu,M242,B2391948
184,Gar,Eardley,1986-10-24,36,(999) 1366248,geardley4a@nytimes.com,M745,L9552548
185,Kristofor,Kmietsch,1988-09-12,34,(657) 2600343,kkmietsch4b@deviantart.com,M562,J2804632
186,Willem,Wardell,1989-09-11,33,(362) 7139985,wwardell4c@mapquest.com,M818,Q4965454
187,Humphrey,Duck,1992-11-29,30,(281) 1186281,hduck4d@lulu.com,M933,G4886306
188,Bailie,Barrett,2007-08-10,15,(647) 1239114,bbarrett4e@furl.net,M78,F7226302
189,Knox,Cotmore,1984-09-05,38,(718) 4867004,kcotmore4f@slideshare.net,M876,J2745315
190,Caddric,Richardet,2001-06-10,21,(720) 6862048,crichardet4g@xrea.com,M166,M5862915
191,Vladimir,Dannel,2004-03-30,19,(500) 1424452,vdannel4h@irs.gov,M289,D5808869
192,Giovanni,Lipson,1989-12-16,33,(803) 7835951,glipson4i@ihg.com,M926,T7789005
193,Cornelle,Webland,2001-01-01,22,(738) 8318441,cwebland4j@blogtalkradio.com,M280,S9892365
194,Lauritz,Quarrington,2008-08-03,14,(370) 1267945,lquarrington4k@newyorker.com,M399,L3014133
195,Meara,Henniger,1981-12-30,41,(670) 4507363,mhenniger4l@time.com,M247,K2151263
196,Flemming,Crust,1981-06-27,41,(553) 8539222,fcrust4m@foxnews.com,M686,T6508785
197,Drusy,Murtell,2001-11-02,21,(741) 8072527,dmurtell4n@friendfeed.com,M637,J7770105
198,Garrett,Stitfall,1997-08-17,25,(934) 1933214,gstitfall4o@usatoday.com,M508,Y7202503
199,Regan,Colleer,1982-09-09,40,(282) 3495055,rcolleer4p@webmd.com,M632,O7211835
200,Patrizio,Westcot,2003-07-07,19,(239) 2161959,pwestcot4q@fastcompany.com,M273,Z7372321
201,Luce,Bront,2007-08-17,15,(288) 4412817,lbront4r@mapy.cz,M164,S3328845
202,Ilene,Cowdery,1990-04-08,32,(307) 7983239,icowdery4s@ask.com,M57,B6970316
203,Austen,Pryce,1992-10-23,30,(369) 8082460,apryce4t@yahoo.com,M663,A1422174
204,Kathlin,Puttrell,2006-05-12,16,(779) 6690146,kputtrell4u@twitpic.com,M256,H3657659
205,Clarke,Lutz,1984-01-16,39,(563) 3440011,clutz4v@dedecms.com,M374,N8639645
206,Luis,Apedaile,1980-12-12,42,(460) 2771690,lapedaile4w@nbcnews.com,M97,J5854487
207,Dulsea,Dudney,1995-08-08,27,(471) 6178420,ddudney4x@jugem.jp,M976,R5354495
208,Madella,Larimer,1987-06-11,35,(197) 9508651,mlarimer4y@linkedin.com,M197,B1147017
209,Obadias,Lortzing,1987-01-08,36,(405) 1898298,olortzing4z@dagondesign.com,M91,W5451021
210,Candida,Debrett,1994-03-22,29,(993) 8761460,cdebrett50@deviantart.com,M859,N6983686
211,Adolf,Walwood,2003-12-28,19,(478) 2874561,awalwood51@webnode.com,M283,M6079236
212,Maxie,Ransbury,2009-07-01,13,(429) 9321697,mransbury52@japanpost.jp,M602,P6225065
213,Darcee,Lydall,1998-11-07,24,(317) 4641048,dlydall53@naver.com,M810,R6470721
214,Wenda,Ahearne,1996-03-08,27,(906) 4853374,wahearne54@ask.com,M737,S8826303
215,Susie,Endacott,1992-07-17,30,(767) 1264365,sendacott55@bloomberg.com,M891,P6399829
216,Maribeth,Snadden,1988-09-07,34,(708) 9854064,msnadden56@exblog.jp,M305,I2612858
217,Luisa,Pohl,1987-11-30,35,(812) 7111597,lpohl57@ebay.co.uk,M819,X7608901
218,Granthem,Waliszewski,2002-07-05,20,(942) 6337880,gwaliszewski58@google.co.jp,M248,O8010185
219,Ofella,Wadly,2002-09-30,20,(948) 3865168,owadly59@parallels.com,M99,V5260153
220,Katinka,MacElane,2007-12-25,15,(832) 1576421,kmacelane5a@wisc.edu,M93,Y2335653
221,Alena,Jahnel,2001-02-15,22,(704) 1871168,ajahnel5b@posterous.com,M142,L9072233
222,Chaddy,Vankeev,2005-08-10,17,(321) 4302934,cvankeev5c@hexun.com,M953,E3861887
223,Leonard,Bims,1992-05-26,30,(619) 3754614,lbims5d@answers.com,M302,O1600985
224,Margaretha,Reddan,2005-04-01,18,(889) 6798812,mreddan5e@whitehouse.gov,M116,Q7216372
225,Gonzalo,Parton,1982-02-13,41,(813) 7764080,gparton5f@quantcast.com,M420,R6167510
226,Ranice,Pinney,2007-10-24,15,(341) 9402707,rpinney5g@printfriendly.com,M58,M7087080
227,Israel,Lathleiffure,1986-03-26,37,(114) 1937772,ilathleiffure5h@drupal.org,M390,J5421204
228,Rasia,Argile,1999-03-30,24,(963) 4149187,rargile5i@ning.com,M749,Q7173717
229,Brock,Vannuchi,2002-08-24,20,(630) 9613678,bvannuchi5j@furl.net,M167,G6699953
230,Burton,Bowerbank,1980-05-02,42,(726) 3796832,bbowerbank5k@photobucket.com,M945,Q1589288
231,Raychel,Barwell,1991-01-28,32,(393) 6242255,rbarwell5l@tmall.com,M128,D9717289
232,George,Cuttelar,1993-10-04,29,(575) 2953578,gcuttelar5m@washington.edu,M965,E2440137
233,Arden,Cops,1992-05-14,30,(913) 9561375,acops5n@cloudflare.com,M701,Y9272156
234,Gardiner,Row,1994-08-14,28,(521) 7150460,grow5o@a8.net,M620,X7608980
235,Wallie,Ortmann,2004-09-28,18,(454) 6506350,wortmann5p@shutterfly.com,M616,R5261910
236,Xavier,Blessed,2007-01-04,16,(260) 2392664,xblessed5q@buzzfeed.com,M478,J5664984
237,Lemar,Barkas,2006-10-09,16,(429) 7718268,lbarkas5r@rediff.com,M673,U7465793
238,Darrell,Barense,2000-09-14,22,(458) 6656616,dbarense5s@dell.com,M930,N6825562
239,Maurie,Causbey,2006-02-22,17,(827) 2779410,mcausbey5t@skyrock.com,M923,W5310982
240,Marcel,Nield,1992-02-16,31,(135) 1455616,mnield5u@example.com,M96,A4891517
241,Wilmer,Kestian,1986-09-16,36,(320) 9562914,wkestian5v@foxnews.com,M450,F6199209
242,Jsandye,Wickersham,2005-03-27,18,(978) 9557253,jwickersham5w@dailymotion.com,M432,T8986590
243,Emalia,France,1986-04-04,36,(124) 9473603,efrance5x@accuweather.com,M621,T8901858
244,Maddalena,Sancraft,1993-12-31,29,(229) 6672977,msancraft5y@scribd.com,M403,T6106383
245,Brina,Chewter,1991-12-30,31,(736) 6350137,bchewter5z@cnn.com,M633,T2445439
246,Roselle,Furnell,2000-11-06,22,(986) 2186448,rfurnell60@yahoo.co.jp,M804,Z6004276
247,Petunia,Annis,1989-10-18,33,(784) 9572741,pannis61@unblog.fr,M516,U3535060
248,Milka,Wales,2008-01-14,15,(376) 2492086,mwales62@phpbb.com,M225,I7622843
249,Timi,Bachmann,2001-06-06,21,(931) 8818042,tbachmann63@bloglines.com,M636,B6262914
250,Dionisio,Renton,1980-06-28,42,(636) 3089919,drenton64@discovery.com,M553,N3554921
251,Wayland,Rushman,2008-08-17,14,(442) 2071777,wrushman65@dropbox.com,M825,M9853326
252,Edithe,Twiname,1993-10-02,29,(254) 8825975,etwiname66@sun.com,M47,G3617842
253,Christyna,Thurman,1990-04-01,33,(831) 1915443,cthurman67@latimes.com,M973,M7094332
254,Aeriela,Mattek,1989-05-13,33,(993) 3591021,amattek68@over-blog.com,M53,H7691387
255,Wilfrid,Sterndale,2005-09-06,17,(219) 5789811,wsterndale69@cisco.com,M536,W9584174
256,Rik,McGinnis,2009-11-15,13,(461) 8207725,rmcginnis6a@live.com,M466,M7044566
257,Eleonora,Augie,1989-12-30,33,(320) 9270261,eaugie6b@flickr.com,M296,B1359455
258,Freddy,Grelak,1991-09-08,31,(599) 8373982,fgrelak6c@engadget.com,M952,H8362857
259,Chelsea,Squeers,1991-07-30,31,(874) 7009473,csqueers6d@hud.gov,M422,S2943909
260,Dareen,Heliet,1989-09-19,33,(661) 7384133,dheliet6e@oaic.gov.au,M337,Q9205412
261,Simonette,O'Hallagan,1993-02-07,30,(214) 4910897,sohallagan6f@xinhuanet.com,M903,L8981443
262,Ursulina,Sewill,1992-01-15,31,(900) 2137232,usewill6g@symantec.com,M696,T5058730
263,Mortimer,Ree,1992-11-30,30,(275) 6684044,mree6h@hp.com,M530,K4017752
264,Nestor,Gartside,2002-05-23,20,(188) 8975842,ngartside6i@homestead.com,M276,T3894624
265,Glen,Kluss,1993-12-29,29,(546) 9666563,gkluss6j@vkontakte.ru,M343,B5461923
266,Georges,Ivanyutin,2009-09-25,13,(126) 7468886,givanyutin6k@barnesandnoble.com,M600,A2840573
267,Dew,Spiniello,1986-06-16,36,(656) 1993930,dspiniello6l@slideshare.net,M178,J6284740
268,Norine,Brute,1983-03-14,40,(963) 7523448,nbrute6m@lycos.com,M408,R7964349
269,Bibi,MacCoughen,2000-02-11,23,(724) 7405888,bmaccoughen6n@yelp.com,M914,Q2355891
270,Shell,Wealleans,2000-10-11,22,(469) 3106764,swealleans6o@csmonitor.com,M582,V7100017
271,Jacintha,Cory,1981-09-12,41,(200) 7432959,jcory6p@goo.gl,M617,S7012172
272,Taddeusz,Plum,1997-08-20,25,(606) 8794132,tplum6q@scribd.com,M865,K8091718
273,Addi,MacGibbon,2006-10-17,16,(157) 8217862,amacgibbon6r@tiny.cc,M454,I6908994
274,Sarah,Neno,2009-10-06,13,(660) 4928175,sneno6s@vk.com,M922,H8660365
275,Georas,Bourner,1992-12-20,30,(516) 7226231,gbourner6t@dell.com,M303,T1892969
276,Roosevelt,Yockley,1984-01-15,39,(585) 1204338,ryockley6u@webeden.co.uk,M956,W8572718
277,Haley,Turpie,1995-11-12,27,(409) 5285063,hturpie6v@elpais.com,M212,X7901366
278,Maurie,Wythe,2007-08-30,15,(176) 6376820,mwythe6w@google.co.uk,M484,N8077061
279,Bonny,Heugle,1988-02-26,35,(429) 9236883,bheugle6x@issuu.com,M199,G6637974
280,Hortensia,Grigori,1992-06-11,30,(447) 4889803,hgrigori6y@google.es,M665,C4730992
281,Cordi,Bullough,1980-09-28,42,(855) 9123629,cbullough6z@surveymonkey.com,M436,S8414208
282,Aridatha,Fridd,1982-12-21,40,(467) 2205314,afridd70@digg.com,M85,A3194941
283,Jon,Nesbeth,2005-12-22,17,(600) 1027649,jnesbeth71@ifeng.com,M752,I7032983
284,Hadrian,Creagh,1995-10-27,27,(398) 3957888,hcreagh72@hp.com,M198,P3151425
285,Dennis,Putton,1990-05-09,32,(477) 2473672,dputton73@bloomberg.com,M218,D5733329
286,Yankee,Schubart,2010-10-22,12,(586) 1935890,yschubart74@tripadvisor.com,M39,H6943294
287,Alleen,Skeldon,1993-06-20,29,(260) 9186373,askeldon75@pagesperso-orange.fr,M734,L2733826
288,Patsy,Pennick,2004-11-23,18,(180) 7302327,ppennick76@freewebs.com,M506,T7684771
289,Noami,Gapper,1988-05-09,34,(268) 7733700,ngapper77@wufoo.com,M417,D4129970
290,Terrence,Felipe,1981-05-10,41,(165) 3181056,tfelipe78@myspace.com,M325,M3356544
291,Quincey,Judkin,2002-03-20,21,(819) 7530718,qjudkin79@google.de,M598,N2112038
292,Avrom,Swatten,1985-07-18,37,(756) 3057035,aswatten7a@dell.com,M687,S3830877
293,Janela,Halsall,1993-09-16,29,(805) 5324163,jhalsall7b@wunderground.com,M773,A5027116
294,Dante,Thickens,2006-11-26,16,(693) 5727953,dthickens7c@abc.net.au,M741,X9637948
295,Tabbitha,Barthrop,1987-12-28,35,(737) 7558474,tbarthrop7d@google.nl,M872,X7213673
296,Garfield,Treves,1983-02-23,40,(757) 2401235,gtreves7e@microsoft.com,M140,A4455621
297,Gauthier,Daniells,2010-11-20,12,(727) 4258465,gdaniells7f@pcworld.com,M79,I7610121
298,Maryjane,Manketell,1981-07-04,41,(469) 2480814,mmanketell7g@naver.com,M949,H3451908
299,Dev,Palombi,2007-12-09,15,(408) 2036353,dpalombi7h@1und1.de,M479,Y1002344
300,Elene,Labon,1986-07-11,36,(281) 6698094,elabon7i@apple.com,M464,M2631995
301,Jeremy,Rapi,2006-10-25,16,(247) 3209819,jrapi7j@drupal.org,M728,Y7115648
302,Udell,Lohden,1982-10-24,40,(370) 3800592,ulohden7k@indiegogo.com,M656,O2186847
303,Dionisio,Cobden,2000-10-13,22,(430) 9313603,dcobden7l@washington.edu,M384,R6975208
304,Antonino,Blooman,1984-04-16,38,(912) 3567302,ablooman7m@lulu.com,M644,Y1978153
305,Yankee,Bernadot,1999-07-29,23,(125) 9551201,ybernadot7n@walmart.com,M565,C2351560
306,Tasia,Callander,2001-05-06,21,(132) 8336708,tcallander7o@europa.eu,M40,Z5287766
307,Carline,Climar,1993-12-14,29,(513) 6844251,cclimar7p@scribd.com,M196,X6977012
308,Sigfrid,Georgel,2002-10-13,20,(270) 3625863,sgeorgel7q@globo.com,M117,H5025514
309,Ania,Braven,2008-03-12,15,(257) 4912778,abraven7r@ehow.com,M33,Y4398339
310,Brody,Twohig,2001-01-26,22,(707) 9674616,btwohig7s@ycombinator.com,M969,J1929407
311,Staffard,Bernardin,2008-01-06,15,(969) 9230742,sbernardin7t@meetup.com,M681,C3789240
312,Jamesy,Broomhead,2000-09-20,22,(707) 8030994,jbroomhead7u@tinyurl.com,M234,S8357702
313,Lauritz,Ashcroft,1997-03-17,26,(904) 9089964,lashcroft7v@shop-pro.jp,M193,O2226812
314,Kizzee,Smorthit,2005-05-05,17,(899) 9434214,ksmorthit7w@mail.ru,M52,A2403594
315,Herbert,Adlard,1996-01-02,27,(919) 2000111,hadlard7x@stumbleupon.com,M340,K8013466
316,Renado,Peeters,2000-12-02,22,(925) 5690770,rpeeters7y@whitehouse.gov,M634,Y4770485
317,Shane,Gruszka,2002-05-29,20,(953) 6965432,sgruszka7z@jiathis.com,M401,D4976705
318,Devin,Gomm,2002-09-22,20,(548) 6312517,dgomm80@yale.edu,M81,Y3666699
319,Amye,Ruprechter,1998-09-10,24,(796) 8790820,aruprechter81@issuu.com,M748,J8097692
320,Dennie,Franseco,2003-05-08,19,(644) 4886689,dfranseco82@ox.ac.uk,M254,F7267372
321,Hattie,Hammerstone,1983-10-10,39,(516) 1687280,hhammerstone83@scribd.com,M897,Z8803393
322,Angelika,Shipston,1998-12-17,24,(276) 8651918,ashipston84@godaddy.com,M760,L4313285
323,Ganny,Agent,1995-01-17,28,(816) 3348910,gagent85@slideshare.net,M946,D2624228
324,Maiga,Nuscha,1987-02-10,36,(728) 8280817,mnuscha86@wp.com,M172,R8957071
325,Raff,Moriarty,2008-06-23,14,(404) 3968119,rmoriarty87@people.com.cn,M395,Y2693693
326,Freeland,Canario,2009-09-15,13,(175) 8566859,fcanario88@patch.com,M881,N4722867
327,Eberhard,Cadogan,2005-03-19,18,(187) 4569728,ecadogan89@google.de,M485,V6964979
328,Eamon,McAlarney,1990-08-08,32,(401) 7517001,emcalarney8a@marriott.com,M37,T8473171
329,Brade,Curnow,1994-03-19,29,(464) 7994465,bcurnow8b@pbs.org,M285,A2792467
330,Menard,Frisby,1981-06-23,41,(140) 7943600,mfrisby8c@bing.com,M863,G8621121
331,Rustin,Curgenven,1999-11-13,23,(896) 3702288,rcurgenven8d@geocities.jp,M151,K3071832
332,Pegeen,Oliffe,2000-04-10,22,(524) 6764396,poliffe8e@gravatar.com,M595,K6047777
333,Moritz,Latan,1996-07-12,26,(617) 5587901,mlatan8f@canalblog.com,M175,O2869138
334,Kerr,Civitillo,2005-03-12,18,(327) 3792866,kcivitillo8g@ow.ly,M70,N9705857
335,Nikoletta,Trassler,1981-01-22,42,(789) 4704163,ntrassler8h@imageshack.us,M572,F2017402
336,Archie,Bruneau,2003-06-10,19,(270) 6063285,abruneau8i@aol.com,M188,J3972834
337,Octavius,Rignall,1988-12-05,34,(955) 1009312,orignall8j@cnn.com,M794,J6411229
338,Konstantin,Masser,2002-04-24,20,(170) 7555397,kmasser8k@google.nl,M655,E6611122
339,Ambrosio,Stuchbery,2004-05-06,18,(207) 1924841,astuchbery8l@chron.com,M203,J3512034
340,Leontyne,Mougin,1999-05-16,23,(512) 4495415,lmougin8m@uiuc.edu,M826,Q2130083
341,Joli,Buxcey,1992-07-21,30,(597) 5219094,jbuxcey8n@sakura.ne.jp,M307,A3469759
342,Rand,Jelliman,1992-05-22,30,(883) 1464871,rjelliman8o@amazon.co.jp,M567,Y3528154
343,Cosmo,Davet,1992-10-29,30,(901) 2529898,cdavet8p@webmd.com,M38,J4254499
344,Kile,Ryves,1987-07-30,35,(572) 9488724,kryves8q@cbc.ca,M207,R4312227
345,Jania,Rojas,1998-11-25,24,(661) 7137553,jrojas8r@vimeo.com,M356,F2523927
346,Lolita,Girtin,1997-09-20,25,(322) 8022636,lgirtin8s@aol.com,M702,F5006112
347,Gabi,Poge,1981-07-25,41,(600) 1156086,gpoge8t@apple.com,M657,Z7231325
348,Benoite,Ollivier,2004-01-06,19,(566) 2527243,bollivier8u@dell.com,M339,Y8948231
349,Daisie,Farnaby,1994-07-18,28,(788) 1078638,dfarnaby8v@qq.com,M391,V4374764
350,Worden,Todeo,1993-03-25,30,(777) 8696211,wtodeo8w@list-manage.com,M163,E5365462
351,Dagny,Jime,1988-03-06,35,(434) 2449150,djime8x@miibeian.gov.cn,M331,R9087179
352,Sarajane,Waliszewski,2010-12-03,12,(129) 1762639,swaliszewski8y@weebly.com,M587,O9586692
353,Ewell,Morten,2009-02-13,14,(278) 3632254,emorten8z@sfgate.com,M210,Y6340063
354,Maximilianus,Bukowski,1981-01-03,42,(304) 5433021,mbukowski90@cocolog-nifty.com,M971,I3529756
355,Eddie,Brosi,1990-09-18,32,(365) 6476153,ebrosi91@google.de,M895,K8588772
356,Phillipp,Oldrey,2002-03-06,21,(867) 9804147,poldrey92@storify.com,M363,F8326755
357,Yoko,Porrett,1998-02-17,25,(596) 5842132,yporrett93@merriam-webster.com,M253,L8412086
358,Alix,Philips,1985-09-18,37,(301) 7160642,aphilips94@vimeo.com,M935,U7927271
359,Mireille,Frankiewicz,1980-02-04,43,(338) 1795716,mfrankiewicz95@usnews.com,M703,P9093685
360,Guy,Sammon,1982-03-14,41,(332) 2760731,gsammon96@nih.gov,M369,M6775501
361,Caleb,Escolme,1991-06-26,31,(283) 2482445,cescolme97@shareasale.com,M211,J5750054
362,Darrelle,McKniely,2007-01-09,16,(367) 3545475,dmckniely98@loc.gov,M227,O8782273
363,Odell,Caverhill,1989-03-02,34,(818) 8323311,ocaverhill99@rambler.ru,M590,E9283146
364,Ivett,Bellini,1981-01-17,42,(674) 3045958,ibellini9a@stanford.edu,M472,W1335460
365,Lauren,Blockwell,2003-08-03,19,(889) 4606969,lblockwell9b@goo.gl,M680,K8989929
366,Hanna,Lambird,1996-12-07,26,(363) 7563281,hlambird9c@phpbb.com,M544,J1819057
367,Petra,Lipscombe,1996-04-22,26,(135) 4151818,plipscombe9d@ifeng.com,M143,A9084594
368,Micheil,Ferrillio,1985-06-16,37,(216) 3706242,mferrillio9e@apple.com,M517,A8306139
369,Gael,Leftwich,2008-10-12,14,(530) 9128824,gleftwich9f@xrea.com,M334,M7849160
370,Hestia,Slocket,1998-07-30,24,(214) 2893248,hslocket9g@nytimes.com,M662,X7466997
371,Meredith,Genty,1991-08-03,31,(178) 3615978,mgenty9h@npr.org,M159,M5390058
372,Orv,Hanhart,1992-01-10,31,(237) 3292398,ohanhart9i@flickr.com,M762,J6982433
373,Gran,Wyper,1996-05-01,26,(668) 4484381,gwyper9j@usnews.com,M507,R5335365
374,Claudius,Anear,1981-04-16,41,(406) 9629907,canear9k@gov.uk,M286,Y6563169
375,Christabella,Seeds,2004-11-14,18,(979) 8576312,cseeds9l@bravesites.com,M394,Y9512419
376,Matias,Bertomier,1988-02-20,35,(519) 3869016,mbertomier9m@people.com.cn,M710,Y2726599
377,Boony,Flohard,1991-02-19,32,(409) 4866995,bflohard9n@goodreads.com,M489,W7341365
378,Cedric,Meere,2008-10-08,14,(999) 9065336,cmeere9o@forbes.com,M183,P7151417
379,Patric,McCraw,1992-08-21,30,(587) 8863447,pmccraw9p@guardian.co.uk,M324,T3136673
380,Janelle,Benedidick,1990-07-22,32,(454) 2741135,jbenedidick9q@guardian.co.uk,M144,R9228171
381,Waylen,Limbourne,1982-05-28,40,(219) 3899145,wlimbourne9r@artisteer.com,M522,N3815882
382,Sapphire,Haskey,1983-02-19,40,(948) 9441981,shaskey9s@360.cn,M416,R9748790
383,Reade,Giacopetti,1993-04-15,29,(881) 9513579,rgiacopetti9t@vistaprint.com,M786,J3704900
384,Mady,Luck,1997-11-06,25,(654) 2418769,mluck9u@buzzfeed.com,M679,S7689725
385,Gaultiero,MacCorkell,1998-03-24,25,(107) 9537886,gmaccorkell9v@123-reg.co.uk,M692,G4955502
386,Orelle,De Vile,1995-10-28,27,(446) 7709114,odevile9w@jiathis.com,M270,B4420549
387,Johnette,Olenov,1986-01-27,37,(271) 6891305,jolenov9x@webs.com,M66,L9772015
388,Neile,Garr,1990-04-19,32,(143) 1979716,ngarr9y@4shared.com,M94,W3115043
389,Kellina,Tims,2010-08-06,12,(759) 4131513,ktims9z@google.it,M139,Z4926849
390,Jessalin,Valentetti,1982-11-01,40,(396) 4135389,jvalentettia0@shutterfly.com,M767,C5937019
391,Lovell,Hoofe,1982-05-24,40,(832) 8279418,lhoofea1@scribd.com,M200,Y8171021
392,Loydie,Dudbridge,1985-07-23,37,(103) 2148751,ldudbridgea2@whitehouse.gov,M614,O1423349
393,Salaidh,Tickner,2005-02-06,18,(174) 1641749,sticknera3@51.la,M854,Y3080660
394,Margo,Heino,2001-04-08,21,(337) 6334677,mheinoa4@cnn.com,M851,R7238586
395,Reinaldos,Hordle,1997-03-08,26,(672) 1572099,rhordlea5@china.com.cn,M557,R4857549
396,Filia,Hempshall,1996-01-06,27,(302) 4160147,fhempshalla6@wikispaces.com,M981,T6521587
397,Curtice,O'Heneghan,1988-06-19,34,(122) 6366236,coheneghana7@bloglovin.com,M601,P4300684
398,Rowen,Clift,1980-05-14,42,(481) 9911610,rclifta8@sakura.ne.jp,M402,F7950285
399,Josee,MacCallester,1996-01-22,27,(551) 4804467,jmaccallestera9@newyorker.com,M224,Z7701972
400,Jarad,Martijn,1995-01-16,28,(209) 9778476,jmartijnaa@csmonitor.com,M352,X4116490
401,Husein,Karpets,1986-12-18,36,(821) 1794331,hkarpetsab@usda.gov,M830,Z2372244
402,Morgen,Dillinton,1986-06-16,36,(601) 1006155,mdillintonac@usgs.gov,M62,R5045395
403,Geraldine,De Dei,1999-12-07,23,(613) 8797005,gdedeiad@pen.io,M371,B9899234
404,Angie,Havenhand,1981-12-14,41,(418) 7047199,ahavenhandae@wikia.com,M688,Y6045127
405,Romola,Bonnette,1984-11-13,38,(538) 5932832,rbonnetteaf@imgur.com,M842,T1725993
406,Guido,Farrah,2000-07-30,22,(225) 7017215,gfarrahag@craigslist.org,M376,K6925688
407,Gabriele,Evans,2002-05-09,20,(542) 3648373,gevansah@51.la,M948,L3036501
408,Denise,Josling,1985-02-26,38,(913) 7873280,djoslingai@domainmarket.com,M231,S8572459
409,Corissa,Heersma,1980-10-26,42,(645) 2787794,cheersmaaj@vkontakte.ru,M604,Y2961410
410,Tyrone,Shirer,1981-03-21,42,(915) 2441253,tshirerak@uol.com.br,M718,P2179389
411,Budd,Iannuzzelli,2000-04-09,22,(283) 1968775,biannuzzellial@ted.com,M318,U1462597
412,Luis,Osgordby,2001-04-18,21,(712) 2024503,losgordbyam@nifty.com,M494,I2408067
413,Marlo,Larrington,1991-05-22,31,(154) 5689597,mlarringtonan@myspace.com,M309,C7696758
414,Thedrick,Hammor,2007-03-18,16,(158) 4441128,thammorao@fastcompany.com,M194,Z7500083
415,Cynthie,Fulbrook,2000-05-15,22,(794) 1898555,cfulbrookap@dropbox.com,M389,Z3391885
416,Tim,Cicutto,2002-03-22,21,(399) 8625339,tcicuttoaq@comcast.net,M206,Z1483730
417,Erinn,Myderscough,1997-09-29,25,(752) 3122268,emyderscoughar@businessinsider.com,M990,N2428232
418,Crosby,Turneux,1988-05-19,34,(680) 3064543,cturneuxas@fc2.com,M71,Y2399413
419,Xylia,Snead,2004-06-25,18,(714) 8052697,xsneadat@tamu.edu,M471,W4730449
420,Court,Pappi,1998-04-05,24,(591) 3198479,cpappiau@eepurl.com,M426,D8678941
421,Andres,Di Biasi,2006-07-21,16,(257) 3515109,adibiasiav@hhs.gov,M937,D5629771
422,Germayne,Faircloth,2004-07-01,18,(837) 9936670,gfairclothaw@nytimes.com,M848,P8849349
423,Philipa,Grigolashvill,1991-02-16,32,(136) 3009276,pgrigolashvillax@addtoany.com,M514,T8082202
424,Valentine,MacEvilly,1992-01-28,31,(722) 8574632,vmacevillyay@ucoz.ru,M504,R5559307
425,Buiron,Diament,1990-05-28,32,(908) 4691243,bdiamentaz@amazonaws.com,M127,P4383933
426,Ev,Pauli,2005-10-30,17,(914) 7280093,epaulib0@symantec.com,M550,T5837873
427,Myrle,Pendred,2010-06-05,12,(404) 7662699,mpendredb1@aboutads.info,M434,E8941129
428,Gan,Huban,1989-04-16,33,(303) 4736588,ghubanb2@addtoany.com,M277,W9676970
429,Simeon,Underdown,1984-12-24,38,(566) 5670355,sunderdownb3@flickr.com,M495,V2514883
430,Queenie,Wesson,2007-09-13,15,(707) 1678182,qwessonb4@cbslocal.com,M782,H1167094
431,Betteanne,Scholler,1980-05-03,42,(797) 2920507,bschollerb5@wix.com,M780,U9990860
432,Tana,Sisselot,2005-02-21,18,(442) 2964663,tsisselotb6@dailymotion.com,M427,B5181285
433,Rey,McGrayle,1987-08-22,35,(574) 6141165,rmcgrayleb7@ifeng.com,M958,W2568410
434,Colette,Gathercole,1980-09-04,42,(586) 8878756,cgathercoleb8@blinklist.com,M853,W2273672
435,Mariya,Posen,1988-05-07,34,(252) 9968401,mposenb9@bizjournals.com,M714,A6131524
436,Mabelle,Deeley,1995-05-11,27,(489) 5938343,mdeeleyba@tuttocitta.it,M44,L3366222
437,Sharity,Coverdill,2004-03-18,19,(177) 9714848,scoverdillbb@unesco.org,M840,X8708431
438,Richmound,Gambie,1997-04-29,25,(721) 8607243,rgambiebc@oracle.com,M729,D2464016
439,Ulrika,Grayshan,2007-05-08,15,(394) 9076185,ugrayshanbd@csmonitor.com,M711,B3967209
440,Yancy,Pabelik,1988-12-05,34,(336) 8592914,ypabelikbe@prnewswire.com,M938,Q6094124
441,Lorrie,Frissell,2001-08-09,21,(434) 8389117,lfrissellbf@fema.gov,M329,Z7873773
442,Kacie,McGrory,1985-09-02,37,(733) 2951408,kmcgrorybg@redcross.org,M492,C4099571
443,Hugo,Weed,1991-06-24,31,(714) 8155432,hweedbh@smh.com.au,M105,C1987763
444,Washington,Secretan,1996-11-29,26,(511) 8718821,wsecretanbi@hugedomains.com,M698,E2361983
445,Lesya,Hynd,1995-10-31,27,(257) 7106157,lhyndbj@wisc.edu,M121,S4422506
446,Pepito,Corteis,1999-08-17,23,(442) 7034897,pcorteisbk@wikia.com,M445,D1081781
447,Gert,Rosenstein,1993-11-04,29,(973) 2038313,grosensteinbl@nasa.gov,M846,M8970820
448,Beau,Tunney,1993-11-08,29,(200) 6571440,btunneybm@booking.com,M980,V8594208
449,Zachary,Kindley,1989-11-02,33,(477) 7362854,zkindleybn@noaa.gov,M503,K8368157
450,Yehudi,Hamp,2002-03-05,21,(506) 8269239,yhampbo@google.com.au,M473,N1520126
451,Leonhard,Darlaston,1994-09-25,28,(389) 5696418,ldarlastonbp@etsy.com,M862,N9218227
452,Bo,Haylands,2007-09-03,15,(299) 2866876,bhaylandsbq@comsenz.com,M781,M6781685
453,Hannie,Lamming,1982-01-23,41,(619) 5583395,hlammingbr@craigslist.org,M589,V2455664
454,Patrice,Kearton,2000-11-12,22,(432) 2688786,pkeartonbs@tmall.com,M815,Z9762325
455,Olly,Halle,1984-01-23,39,(791) 3146936,ohallebt@eepurl.com,M541,Q4310990
456,Milly,Pren,2003-10-09,19,(172) 9019163,mprenbu@usnews.com,M89,A8695883
457,Vanny,Slayton,1982-07-27,40,(451) 5718109,vslaytonbv@princeton.edu,M542,V2879843
458,Inga,Ganing,2006-08-02,16,(562) 3297695,iganingbw@tuttocitta.it,M839,C3077835
459,Filbert,Standage,1999-08-21,23,(121) 9761039,fstandagebx@devhub.com,M459,I3932118
460,Heloise,Vaines,2000-03-07,23,(509) 5387806,hvainesby@princeton.edu,M249,U7424308
461,Rube,Knowlson,1988-05-17,34,(452) 9897610,rknowlsonbz@columbia.edu,M243,O1827331
462,Chadd,Frankcombe,1980-12-27,42,(963) 4490214,cfrankcombec0@123-reg.co.uk,M526,Z4162294
463,Melinde,Boule,1992-04-12,30,(320) 5025025,mboulec1@networkadvertising.org,M524,Z7115008
464,Lilllie,Volker,1984-11-17,38,(207) 3444456,lvolkerc2@va.gov,M798,B5917565
465,Sophie,Pittendreigh,2009-12-03,13,(108) 2076408,spittendreighc3@youtube.com,M215,L8050766
466,Brander,Duplain,2001-04-05,21,(211) 1658970,bduplainc4@typepad.com,M379,J5915330
467,Ryan,Storrs,1989-05-04,33,(526) 1308420,rstorrsc5@squarespace.com,M385,M7282785
468,Ransom,Brodbin,1991-08-23,31,(691) 6415626,rbrodbinc6@macromedia.com,M357,Y4434337
469,Jarvis,Tomney,2007-11-20,15,(704) 1332716,jtomneyc7@aol.com,M725,J7504332
470,Sile,Robertson,2001-04-30,21,(797) 8925894,srobertsonc8@homestead.com,M823,W6507241
471,Lindsay,Morfett,2002-03-24,21,(983) 7915282,lmorfettc9@1und1.de,M774,A3224515
472,Bartolomeo,Tellenbrook,1986-04-13,36,(386) 8254664,btellenbrookca@dyndns.org,M316,Q4435966
473,Marie,Heathwood,1981-04-10,41,(194) 8515830,mheathwoodcb@1und1.de,M905,F3085157
474,Pepe,Tuckerman,1983-12-30,39,(584) 4117672,ptuckermancc@pcworld.com,M287,B9311236
475,Abby,Brookesbie,1990-07-22,32,(544) 9474517,abrookesbiecd@odnoklassniki.ru,M940,I5503543
476,Rayner,Vella,2001-01-31,22,(192) 9830328,rvellace@exblog.jp,M313,Z1529641
477,Selby,Spoure,1989-04-23,33,(274) 9617234,sspourecf@sphinn.com,M173,E8594474
478,Theresita,Boness,1989-09-13,33,(159) 9923891,tbonesscg@msn.com,M295,S6044253
479,Andrei,Shillan,2010-09-04,12,(372) 9380526,ashillanch@thetimes.co.uk,M502,U6193023
480,Yancy,Turville,1984-09-03,38,(429) 9898131,yturvilleci@homestead.com,M690,T3958593
481,Carmel,Maddigan,1988-07-18,34,(273) 4201635,cmaddigancj@alexa.com,M699,I5357277
482,Amery,Screen,1995-09-19,27,(902) 8326274,ascreenck@reuters.com,M552,S6059958
483,Aimee,Matous,1987-12-10,35,(784) 6823951,amatouscl@ihg.com,M412,G8279368
484,Christean,Djokic,2003-11-18,19,(912) 5573010,cdjokiccm@slideshare.net,M490,F6989672
485,Zena,Bourtoumieux,1990-03-08,33,(418) 5379572,zbourtoumieuxcn@liveinternet.ru,M908,P9080893
486,Kalina,Croucher,1985-09-18,37,(735) 5970483,kcroucherco@taobao.com,M261,P2471128
487,Eduardo,Gregan,1988-07-14,34,(347) 4614370,egregancp@sciencedirect.com,M977,Z3909562
488,Maxwell,Dairton,1986-08-02,36,(342) 8494724,mdairtoncq@spotify.com,M593,I4860881
489,Laurene,Cutchey,1990-03-23,33,(769) 5646158,lcutcheycr@printfriendly.com,M168,R9320117
490,Stephi,Rothwell,1997-10-31,25,(797) 2249380,srothwellcs@lycos.com,M950,U1069832
491,Ronni,Rossin,2005-04-22,17,(549) 5248451,rrossinct@prnewswire.com,M274,Q8020550
492,Rowland,Gillbee,1985-02-26,38,(732) 8669955,rgillbeecu@sogou.com,M419,S2003754
493,Chalmers,Aldersley,1989-10-11,33,(784) 3626997,caldersleycv@dyndns.org,M998,S7849884
494,Melodie,Chaldecott,1999-07-21,23,(837) 9622429,mchaldecottcw@cisco.com,M954,D6532942
495,Wallis,Cure,2002-09-19,20,(125) 2335447,wcurecx@mac.com,M269,D4251534
496,Rita,Achrameev,1991-02-07,32,(439) 7440509,rachrameevcy@ibm.com,M896,X1587769
497,Vassili,Eixenberger,2006-07-28,16,(340) 2408369,veixenbergercz@webs.com,M661,T8164417
498,Elise,Chattelaine,1983-08-10,39,(972) 4090505,echattelained0@bluehost.com,M272,I6219718
499,Heloise,Youngs,1999-04-21,23,(265) 1407048,hyoungsd1@xing.com,M643,M8638557
500,Genevra,Filan,2009-10-14,13,(230) 8016542,gfiland2@mozilla.org,M443,G4219760
501,Ly,Ells,2005-12-14,17,(106) 1827340,lellsd3@yandex.ru,M716,K4564555
502,Kaycee,Kille,2000-10-08,22,(989) 3910261,kkilled4@yelp.com,M628,D7421166
503,Amie,Beric,1981-04-25,41,(608) 7104156,abericd5@parallels.com,M867,S8536324
504,Leigh,Jewkes,1993-01-26,30,(598) 6374582,ljewkesd6@psu.edu,M801,P1904844
505,Pembroke,Pablo,1984-12-02,38,(913) 5383788,ppablod7@seesaa.net,M984,W5996206
506,Torre,Kretschmer,1990-09-21,32,(811) 7484516,tkretschmerd8@vkontakte.ru,M772,P8514204
507,Philis,Geach,1999-09-28,23,(950) 9559440,pgeachd9@auda.org.au,M880,F5228286
508,Shanie,Dasent,2007-01-11,16,(215) 1186252,sdasentda@typepad.com,M803,X4053988
509,Tye,Winders,2002-03-08,21,(846) 4011334,twindersdb@chron.com,M873,D1678174
510,Wilbert,Pennino,2010-10-10,12,(784) 2179643,wpenninodc@google.es,M538,T3888961
511,Abel,Landrean,2004-06-11,18,(713) 6352119,alandreandd@nifty.com,M73,X9941195
512,Ali,Menault,1982-11-28,40,(670) 3689746,amenaultde@cam.ac.uk,M336,W7510778
513,Minnaminnie,Andrejevic,2000-11-14,22,(337) 6226507,mandrejevicdf@goo.ne.jp,M682,O1081635
514,Audrye,Joblin,2000-01-12,23,(851) 1965754,ajoblindg@wiley.com,M333,H4037446
515,Modesta,Pestell,2001-11-28,21,(468) 4830216,mpestelldh@arstechnica.com,M790,C9185914
516,Jodee,Beven,2002-04-29,20,(152) 9207290,jbevendi@godaddy.com,M929,C7494097
517,Sax,Hayton,1992-09-05,30,(573) 3270089,shaytondj@comcast.net,M566,O5695631
518,Serene,Covotti,1982-04-09,40,(463) 7055217,scovottidk@abc.net.au,M972,Z9875654
519,Anallese,Geering,2010-09-14,12,(682) 6892601,ageeringdl@addtoany.com,M561,D1821291
520,Else,Pattisson,1987-08-17,35,(416) 8459208,epattissondm@goodreads.com,M266,H1929771
521,Lissy,Wimbury,1984-05-19,38,(938) 9951477,lwimburydn@businesswire.com,M237,R1924336
522,Kilian,Durham,1992-11-10,30,(411) 6486455,kdurhamdo@baidu.com,M498,A9039349
523,Hunt,Andrysiak,1989-03-03,34,(646) 2959591,handrysiakdp@gov.uk,M462,A1108982
524,Jeanette,Petrulis,2010-04-19,12,(692) 9327221,jpetrulisdq@reddit.com,M138,N2393912
525,Jeannette,McAlroy,1987-08-15,35,(973) 9319649,jmcalroydr@ycombinator.com,M807,A8080630
526,Merle,Collihole,2000-11-05,22,(271) 4442156,mcolliholeds@weebly.com,M152,I3828091
527,Luke,Seden,1988-06-04,34,(333) 9951991,lsedendt@jimdo.com,M244,N1176376
528,Charlie,Schuelcke,2006-10-26,16,(490) 5829223,cschuelckedu@smugmug.com,M706,O5384779
529,Paxton,Buggy,1992-05-03,30,(127) 6444271,pbuggydv@issuu.com,M551,W7687714
530,Tobiah,Lerner,2006-06-10,16,(432) 3382012,tlernerdw@admin.ch,M413,B1500949
531,Dwight,Lipson,1988-10-27,34,(280) 1236878,dlipsondx@last.fm,M806,U1934515
532,Tann,Faunch,1980-09-10,42,(179) 7820613,tfaunchdy@squarespace.com,M493,J2711776
533,Spence,Ryland,1993-02-19,30,(617) 8701270,srylanddz@opensource.org,M764,A5817365
534,Cristian,Grahlmans,2008-11-29,14,(599) 7825796,cgrahlmanse0@tinypic.com,M619,K5126817
535,Huntington,Wederell,1986-09-30,36,(707) 7839787,hwederelle1@4shared.com,M811,O7426058
536,Wadsworth,Ricciardello,1982-10-13,40,(221) 8382830,wricciardelloe2@dyndns.org,M209,T8911453
537,Pat,Buxton,1988-01-16,35,(235) 2702687,pbuxtone3@dion.ne.jp,M370,S2736235
538,Kendall,Tesmond,2000-06-27,22,(904) 7305080,ktesmonde4@disqus.com,M95,O7754203
539,Alexine,Vowells,1984-02-01,39,(249) 6575049,avowellse5@columbia.edu,M833,Y3485890
540,Anne-marie,Oakes,2009-04-10,13,(448) 8556498,aoakese6@theglobeandmail.com,M228,T4339612
541,Konstance,Twitchings,1988-10-19,34,(783) 1262908,ktwitchingse7@ehow.com,M837,B6105994
542,Katya,Downer,1988-01-27,35,(805) 7359102,kdownere8@ycombinator.com,M664,X1244909
543,Aimil,Spellsworth,1993-11-15,29,(417) 4628613,aspellsworthe9@telegraph.co.uk,M34,Q3539053
544,Rhodie,Sorton,2006-02-11,17,(229) 3877440,rsortonea@weather.com,M640,O3964164
545,Clarence,Constantinou,1983-12-25,39,(836) 9233139,cconstantinoueb@prweb.com,M520,R3359953
546,Urbain,Tommei,1981-05-28,41,(918) 8053000,utommeiec@timesonline.co.uk,M784,B6295701
547,Vilhelmina,Bernon,1985-10-28,37,(190) 1991452,vbernoned@nsw.gov.au,M985,V6809540
548,Glynda,Coop,2008-08-16,14,(231) 1934987,gcoopee@yahoo.co.jp,M429,S3634109
549,Ricky,Gallardo,1992-06-08,30,(106) 2428341,rgallardoef@yahoo.co.jp,M126,X2543932
550,Lauraine,Gossan,2009-11-14,13,(985) 1004135,lgossaneg@edublogs.org,M342,T3972445
551,Ancell,Beamson,1988-01-15,35,(347) 8804224,abeamsoneh@cloudflare.com,M585,H4856825
552,Norean,Whight,1989-12-30,33,(369) 2486749,nwhightei@topsy.com,M476,B9128934
553,Mill,Molian,1981-06-09,41,(821) 1058516,mmolianej@ask.com,M726,Z4889140
554,Suzette,Sofe,1987-11-09,35,(904) 2630965,ssofeek@irs.gov,M179,Y2149906
555,Torin,Coonihan,2005-04-30,17,(147) 6877741,tcoonihanel@eepurl.com,M240,K9699103
556,Ebba,Kirkup,1997-10-11,25,(678) 6668497,ekirkupem@mozilla.org,M314,Z3733630
557,Sybille,Naseby,1984-03-17,39,(589) 5288570,snasebyen@angelfire.com,M428,V2606754
558,Jacqui,Sancto,1991-01-02,32,(233) 9314938,jsanctoeo@tinyurl.com,M36,I2761210
559,Mariana,Dmitrichenko,2006-03-04,17,(913) 7393923,mdmitrichenkoep@cargocollective.com,M843,F6529408
560,Elayne,Leere,2008-11-06,14,(875) 6320612,eleereeq@gizmodo.com,M568,V7294481
561,Kariotta,Scading,2006-01-11,17,(196) 8536954,kscadinger@blogtalkradio.com,M906,P7536757
562,Emmy,Satterlee,1982-08-11,40,(213) 2141175,esatterleees@w3.org,M787,R4996979
563,Maryann,Cockayne,1999-01-23,24,(713) 1684307,mcockayneet@washingtonpost.com,M477,C6651173
564,Heidi,Crewdson,1986-05-31,36,(332) 8018019,hcrewdsoneu@latimes.com,M540,W7190449
565,Shepard,Nono,1984-01-25,39,(612) 4709533,snonoev@istockphoto.com,M515,I6359589
566,Vinnie,Wrixon,1983-04-03,39,(532) 6546158,vwrixonew@dot.gov,M368,T7533939
567,Bridgette,Hebblewhite,1986-03-24,37,(373) 4438931,bhebblewhiteex@mysql.com,M858,G6523432
568,Rickie,Sweetsur,2005-07-27,17,(947) 8965394,rsweetsurey@prlog.org,M622,C1155939
569,Cynthy,Saywood,1989-12-05,33,(213) 3735612,csaywoodez@diigo.com,M715,J5934888
570,Berky,Souster,1985-11-22,37,(282) 7758195,bsousterf0@archive.org,M118,N9314711
571,Deni,Markel,1994-11-23,28,(455) 2349087,dmarkelf1@un.org,M221,G9259117
572,Oswell,Saich,2007-09-21,15,(708) 6420318,osaichf2@smh.com.au,M497,N6345862
573,Sarah,Thorald,1987-02-03,36,(284) 7998788,sthoraldf3@discovery.com,M375,S6405511
574,Tedman,Gladeche,1989-09-19,33,(979) 9915038,tgladechef4@reddit.com,M344,W4255890
575,Nance,Shinn,2006-10-19,16,(230) 3029455,nshinnf5@usda.gov,M113,Q6307767
576,Gabie,Sinden,2001-06-05,21,(454) 1257580,gsindenf6@qq.com,M827,D2352323
577,Lelia,Thomassin,1985-08-14,37,(432) 2470387,lthomassinf7@microsoft.com,M921,H5542845
578,Jillana,Lucey,2007-09-25,15,(231) 7709668,jluceyf8@oakley.com,M609,Z4883174
579,Pen,Pavlishchev,2005-12-27,17,(504) 1271509,ppavlishchevf9@springer.com,M195,W8162447
580,Katee,Bridewell,1983-10-02,39,(998) 1872202,kbridewellfa@fema.gov,M441,P7720348
581,Marianne,Stanfield,2004-06-29,18,(328) 1445985,mstanfieldfb@trellian.com,M989,K8710622
582,Shelli,Buckeridge,1987-02-01,36,(835) 1674946,sbuckeridgefc@blog.com,M223,M1146707
583,Ciro,Cosins,1981-02-17,42,(387) 1099828,ccosinsfd@hud.gov,M578,T5202617
584,Klara,Lowne,1989-11-26,33,(161) 5003196,klownefe@ebay.com,M304,O1784228
585,Harrie,Calbert,1982-06-13,40,(934) 1631961,hcalbertff@dot.gov,M176,E9480178
586,Geoffrey,Harm,1989-06-08,33,(840) 1084681,gharmfg@infoseek.co.jp,M660,B5033675
587,Ogden,Readett,1996-10-29,26,(307) 3433431,oreadettfh@liveinternet.ru,M317,Q5209971
588,Dorolisa,Pena,1982-05-10,40,(996) 8633918,dpenafi@icq.com,M864,G9937859
589,Mychal,Glavias,1989-12-01,33,(910) 7199570,mglaviasfj@sciencedaily.com,M76,Y4647065
590,Randal,Stroud,2004-12-15,18,(600) 8816989,rstroudfk@t-online.de,M574,Z4091136
591,Page,McNevin,2008-06-25,14,(162) 2363946,pmcnevinfl@addtoany.com,M92,F5904388
592,Ximenez,Skyme,2008-12-03,14,(957) 5522616,xskymefm@sourceforge.net,M626,N6852997
593,Tiffi,De Nisco,1989-10-25,33,(301) 2300462,tdeniscofn@godaddy.com,M623,Q6720899
594,Rudie,Reder,2000-10-17,22,(981) 5928549,rrederfo@hibu.com,M915,J3864631
595,Hortense,Fullbrook,1995-08-07,27,(929) 5897658,hfullbrookfp@vkontakte.ru,M512,A8611065
596,Martica,Whistlecraft,1986-07-07,36,(588) 7003193,mwhistlecraftfq@walmart.com,M936,C2338781
597,Elysee,Cade,2010-10-23,12,(926) 2085836,ecadefr@sciencedaily.com,M229,R7546507
598,Tammie,Menendes,2007-05-18,15,(262) 2755996,tmenendesfs@narod.ru,M137,H2150977
599,Hurley,Calvey,2009-01-26,14,(449) 7907612,hcalveyft@angelfire.com,M300,Z5080600
600,Livvyy,Volkes,2009-01-01,14,(804) 8327298,lvolkesfu@virginia.edu,M869,C5596232
601,Cesaro,Bertrand,2002-12-28,20,(965) 2736458,cbertrandfv@amazonaws.com,M962,Z4557640
602,Huntington,Catherine,2002-04-19,20,(893) 6762565,hcatherinefw@sogou.com,M788,Q1052491
603,Curcio,Cutress,1983-09-09,39,(666) 5469416,ccutressfx@furl.net,M388,P4064672
604,Aube,Bettridge,1997-03-06,26,(469) 9064258,abettridgefy@usgs.gov,M360,E3712836
605,Hayden,Storck,1986-11-11,36,(625) 5473967,hstorckfz@businesswire.com,M414,D7607508
606,Golda,Penning,1985-11-25,37,(451) 1892505,gpenningg0@usda.gov,M205,J7711709
607,Michelle,Compfort,1989-04-12,33,(426) 5027956,mcompfortg1@dailymotion.com,M299,H9970239
608,Nert,Dowdell,1995-02-15,28,(618) 1254672,ndowdellg2@marketwatch.com,M534,I7114965
609,Cesaro,Dinsey,1987-09-27,35,(766) 8014028,cdinseyg3@narod.ru,M208,P6486579
610,John,Habden,1988-05-19,34,(709) 8378102,jhabdeng4@free.fr,M181,Z8757561
611,Ferrel,Pate,2009-11-13,13,(225) 9346892,fpateg5@fc2.com,M708,S7700508
612,Nettle,Roscamp,1992-01-26,31,(837) 8080780,nroscampg6@com.com,M54,I8165438
613,Mic,Lineham,1987-03-28,36,(557) 6238377,mlinehamg7@networkadvertising.org,M974,E5160831
614,Katerine,Sodeau,1980-03-15,43,(413) 3802225,ksodeaug8@narod.ru,M216,U6359704
615,Madalyn,Le Gassick,2007-05-23,15,(977) 3135788,mlegassickg9@rediff.com,M49,K4577503
616,Dunc,Godbehere,1987-08-01,35,(926) 5460448,dgodbeherega@blinklist.com,M631,V7462581
617,Dolf,Roderham,2000-10-13,22,(374) 7332979,droderhamgb@pbs.org,M776,A5669571
618,Eran,Reilinger,1995-07-21,27,(730) 6589993,ereilingergc@archive.org,M884,K9352188
619,Adair,Mulligan,2003-07-20,19,(938) 4427352,amulligangd@disqus.com,M836,I7756699
620,Dylan,Burfield,1980-11-16,42,(719) 7479182,dburfieldge@reference.com,M157,F5951158
621,Brandon,Toolin,1982-08-26,40,(349) 7612410,btoolingf@google.fr,M63,N5741621
622,Ellary,Cutting,2005-06-11,17,(398) 4150994,ecuttinggg@eepurl.com,M435,Z8699881
623,Roselia,Winscum,1994-11-28,28,(504) 8520035,rwinscumgh@google.com.br,M64,V4020671
624,Analiese,MattiCCI,2004-05-12,18,(144) 1371113,amatticcigi@dyndns.org,M341,U8404774
625,Herby,Caskie,1996-02-28,27,(124) 1023426,hcaskiegj@smh.com.au,M959,W4001413
626,Tremaine,Penton,1980-07-13,42,(583) 7840469,tpentongk@webnode.com,M264,Q2493843
627,Mickie,Ramsdale,1993-10-27,29,(219) 3239960,mramsdalegl@constantcontact.com,M361,S1828747
628,Lynett,Bernardes,1980-10-27,42,(530) 5528024,lbernardesgm@cbslocal.com,M241,G9711785
629,Anna-diane,De Freyne,1994-12-29,28,(559) 1551478,adefreynegn@imageshack.us,M901,T6792537
630,Shayne,Lorenzetti,2002-12-03,20,(701) 2641030,slorenzettigo@psu.edu,M739,V2033156
631,Cindie,Burnhams,2006-06-04,16,(185) 3207569,cburnhamsgp@list-manage.com,M348,I2413087
632,Gabriell,Flintiff,1984-03-06,39,(125) 2519843,gflintiffgq@edublogs.org,M297,C2990539
633,Harlen,Ollenbuttel,1986-05-25,36,(357) 7818428,hollenbuttelgr@un.org,M500,A2656060
634,Tedie,Wattam,1990-11-14,32,(363) 9211018,twattamgs@army.mil,M527,A3209443
635,Timmi,Perkin,2007-07-07,15,(871) 7000089,tperkingt@europa.eu,M383,P8440406
636,Betteann,O'Hickee,1990-04-10,32,(611) 1664054,bohickeegu@wikia.com,M650,S7902202
637,Rhianna,Deary,1989-11-24,33,(760) 6094328,rdearygv@nasa.gov,M87,K6488462
638,Parnell,Ferran,1987-09-18,35,(606) 2268643,pferrangw@virginia.edu,M924,W9520454
639,Baily,Masser,1988-04-26,34,(802) 9159047,bmassergx@tripod.com,M252,G4951829
640,Beatriz,Kingwell,1992-01-23,31,(471) 1027713,bkingwellgy@123-reg.co.uk,M134,I7406743
641,Claudius,Penman,1991-09-21,31,(230) 1720974,cpenmangz@oaic.gov.au,M539,Z8278779
642,Horton,Cody,1987-07-20,35,(131) 6628297,hcodyh0@google.de,M615,V2291976
643,Claudius,Bothe,1980-05-28,42,(128) 4744385,cbotheh1@blogger.com,M672,R1315459
644,Happy,O' Faherty,2009-06-30,13,(842) 7135765,hofahertyh2@tripod.com,M667,Z4429284
645,Tanhya,Derbyshire,1989-11-17,33,(454) 1948236,tderbyshireh3@friendfeed.com,M521,K3171435
646,Obie,Allardyce,1982-09-09,40,(778) 8242751,oallardyceh4@mit.edu,M189,B4422708
647,Pip,Thorouggood,1993-04-01,30,(806) 8932985,pthorouggoodh5@gmpg.org,M214,C2258795
648,Steffen,Bwye,1984-08-09,38,(395) 3757281,sbwyeh6@zdnet.com,M98,A4111619
649,Clo,Points,2008-08-17,14,(336) 6618628,cpointsh7@ovh.net,M288,G1614569
650,Fredia,Bawles,1987-03-13,36,(285) 3485647,fbawlesh8@disqus.com,M871,K9707244
651,Raynell,Reboul,2010-01-13,13,(101) 3830069,rreboulh9@prlog.org,M771,T1297465
652,Silvan,Rollitt,2009-07-15,13,(285) 7770993,srollittha@pcworld.com,M60,K3367852
653,Maddi,Guidetti,2008-02-03,15,(714) 6243656,mguidettihb@yale.edu,,K8497755
654,Elia,Gravatt,1980-02-11,43,(604) 4737503,egravatthc@constantcontact.com,,S5956237
655,Veronique,Stede,1994-06-14,28,(200) 6698671,vstedehd@google.it,,K8502721
656,Lenci,Wragge,2000-02-04,23,(153) 3043518,lwraggehe@constantcontact.com,,X3586539
657,Sal,Faireclough,1982-12-06,40,(163) 2252585,sfairecloughhf@istockphoto.com,,I8432511
658,Ezechiel,Bolitho,1985-06-03,37,(687) 3745737,ebolithohg@huffingtonpost.com,,N2776743
659,Gherardo,Yushachkov,2009-08-18,13,(755) 8846337,gyushachkovhh@wikipedia.org,,N8029254
660,Caro,Vayne,2001-08-08,21,(875) 1651175,cvaynehi@foxnews.com,,N4621143
661,Daryn,Kitchenman,1994-01-14,29,(319) 5662510,dkitchenmanhj@hc360.com,,P3885445
662,Romy,Kneebone,2010-08-19,12,(797) 6082397,rkneebonehk@guardian.co.uk,,H9675287
663,Erik,Grigorescu,1997-11-15,25,(589) 3344633,egrigorescuhl@bravesites.com,,G8608609
664,Mirilla,Dixsee,1982-03-21,41,(725) 7928725,mdixseehm@feedburner.com,,P7910113
665,Rabbi,Broddle,1984-05-08,38,(730) 6345610,rbroddlehn@unc.edu,,O5793311
666,Hymie,Bartosiak,1982-07-20,40,(522) 9225336,hbartosiakho@gov.uk,,Y3768343
667,Kylen,Futcher,1987-07-20,35,(460) 6920053,kfutcherhp@engadget.com,,H8258886
668,Goldi,Merriment,1987-04-11,35,(313) 5753911,gmerrimenthq@umich.edu,,H5575761
669,Emlynn,Purtell,1989-03-31,34,(390) 4169736,epurtellhr@chicagotribune.com,,O6340431
670,Carney,Gopsell,2001-06-28,21,(832) 4409836,cgopsellhs@biglobe.ne.jp,,H3288104
671,Dav,Popelay,2008-03-14,15,(405) 1327474,dpopelayht@artisteer.com,,I5030961
672,Sari,Weiser,1996-10-22,26,(165) 2386329,sweiserhu@weebly.com,,V4524782
673,Siobhan,McElhargy,1995-09-13,27,(213) 6380754,smcelhargyhv@tumblr.com,,U4251579
674,Arvie,Beche,2001-09-06,21,(972) 1273874,abechehw@china.com.cn,,R3147597
675,Zachariah,Dilrew,1981-12-28,41,(555) 8467892,zdilrewhx@merriam-webster.com,,A1857837
676,Tobe,Napleton,2005-08-19,17,(592) 6670076,tnapletonhy@ask.com,,L7582346
677,George,Leppo,1994-09-07,28,(693) 9473739,gleppohz@mysql.com,,I5058635
678,Ransell,Tellenbrok,1994-09-30,28,(218) 6571172,rtellenbroki0@flavors.me,,F9779385
679,Othella,Gosney,1993-08-07,29,(480) 6586998,ogosneyi1@tmall.com,,O7036668
680,Padraic,Tabor,1989-02-21,34,(422) 8035831,ptabori2@lycos.com,,T4455669
681,Heather,Stansall,1993-09-24,29,(338) 7220537,hstansalli3@youtube.com,,K5515141
682,Zara,Daugherty,2006-05-09,16,(792) 3580089,zdaughertyi4@freewebs.com,,C8092994
683,Sigvard,Elnaugh,2009-04-30,13,(674) 9104866,selnaughi5@xing.com,,Z2171889
684,Andrej,Abarough,2004-02-15,19,(627) 7730730,aabaroughi6@edublogs.org,,H2413797
685,Dorene,Giovannazzi,1987-07-07,35,(900) 1520617,dgiovannazzii7@e-recht24.de,,C9282030
686,Weylin,Haliday,2008-08-05,14,(212) 7132931,whalidayi8@yellowpages.com,,C5283723
687,Anny,Kunisch,1981-06-07,41,(577) 2371704,akunischi9@zdnet.com,,F1425062
688,Shelba,Duke,1990-01-27,33,(160) 4297545,sdukeia@aboutads.info,,A2153530
689,Renell,Niland,1994-11-18,28,(390) 7965973,rnilandib@apache.org,,C8481477
690,Jennee,Collabine,1994-09-11,28,(948) 9999510,jcollabineic@paginegialle.it,,W3337636
691,Roma,Officer,2008-12-28,14,(606) 1247864,rofficerid@about.me,,I7548608
692,Kristoffer,Athersmith,2006-05-21,16,(983) 8234724,kathersmithie@time.com,,J8684030
693,Letitia,Mattosoff,1990-07-04,32,(518) 1397158,lmattosoffif@nba.com,,L6477643
694,Karlene,Gittis,1991-11-16,31,(462) 4532086,kgittisig@360.cn,,B3899433
695,Patricio,Cahillane,1990-03-07,33,(328) 6099766,pcahillaneih@google.ru,,G9072804
696,Mitchell,Ferencowicz,1989-01-28,34,(648) 8524472,mferencowiczii@creativecommons.org,,G6773734
697,Antony,Whapple,1984-06-03,38,(325) 5364117,awhappleij@howstuffworks.com,,J2703766
698,Mercedes,Ilyasov,2003-04-22,19,(635) 9334850,milyasovik@tumblr.com,,B9734546
699,Reynold,Dumphrey,1999-12-29,23,(299) 5451357,rdumphreyil@opera.com,,L8378203
700,Lindsy,Warn,1985-08-11,37,(664) 4086974,lwarnim@cdc.gov,,C8917681
701,Nikki,Walewicz,2004-01-01,19,(526) 5872851,nwalewiczin@loc.gov,,R5593398
702,Glennie,Moat,1995-12-27,27,(409) 7221205,gmoatio@themeforest.net,,W7559294
703,Halimeda,Beauchamp,2001-01-29,22,(926) 8783375,hbeauchampip@newsvine.com,,Z7610051
704,Cullan,Brosoli,2002-12-01,20,(625) 6779923,cbrosoliiq@ucoz.ru,,M5800634
705,Cynthia,Oxenbury,2008-07-02,14,(953) 1188908,coxenburyir@google.it,,U6171428
706,Murvyn,Takkos,2003-08-16,19,(129) 8256114,mtakkosis@squidoo.com,,U6879836
707,Saxe,Jevon,2008-11-28,14,(324) 5181132,sjevonit@free.fr,,Q1831123
708,Arnold,Denington,1985-05-25,37,(552) 4307398,adeningtoniu@networkadvertising.org,,X7229677
709,Stephen,Heinig,1981-07-29,41,(447) 9947926,sheinigiv@mapy.cz,,M1077394
710,Ricky,Ackwood,1982-04-13,40,(962) 3333155,rackwoodiw@usnews.com,,N5058062
711,Katti,Skuce,1993-12-12,29,(740) 7147485,kskuceix@hugedomains.com,,D6419459
712,Eirena,Widocks,2000-02-14,23,(241) 8065320,ewidocksiy@google.ca,,Y9317466
713,Anson,Ailmer,1988-08-17,34,(313) 6344520,aailmeriz@free.fr,,H6122173
714,Burg,Mannering,1985-09-17,37,(761) 9624480,bmanneringj0@jigsy.com,,E6422829
715,Prentice,Coldtart,1999-04-11,23,(327) 4339817,pcoldtartj1@senate.gov,,D9904520
716,Arlinda,Surguine,1984-08-25,38,(681) 2929229,asurguinej2@yandex.ru,,J6066969
717,Amberly,Ondrak,1991-11-14,31,(880) 2932140,aondrakj3@mlb.com,,L9298511
718,Kinsley,Durrell,2005-07-28,17,(136) 7134706,kdurrellj4@tinypic.com,,D1384358
719,Jackqueline,Yosifov,2008-03-08,15,(191) 3846325,jyosifovj5@who.int,,X6738011
720,Lelia,de Guerre,2000-02-24,23,(611) 4928151,ldeguerrej6@jimdo.com,,U3483816
721,Renell,Damp,1999-08-31,23,(133) 6212882,rdampj7@lulu.com,,T6891516
722,Christie,Easterbrook,2007-06-16,15,(154) 9163900,ceasterbrookj8@1und1.de,,A6996253
723,Briano,Ivamy,2007-01-18,16,(965) 7249207,bivamyj9@phoca.cz,,V1592979
724,Ogden,Huban,1993-07-16,29,(574) 2888217,ohubanja@cnet.com,,D9988590
725,Martynne,Almack,1981-12-02,41,(460) 2885660,malmackjb@odnoklassniki.ru,,A4386461
726,Arlena,Tucknott,2006-07-29,16,(960) 2770860,atucknottjc@domainmarket.com,,E7347702
727,Kittie,Clausson,1986-08-10,36,(355) 9512543,kclaussonjd@macromedia.com,,X6560984
728,Delia,Dikels,1989-01-13,34,(783) 2818695,ddikelsje@fema.gov,,U1377621
729,Marcelia,Ioan,1995-09-27,27,(946) 4345728,mioanjf@lulu.com,,D7639268
730,Martelle,Shurville,1997-06-28,25,(151) 3177929,mshurvillejg@printfriendly.com,,I7945754
731,Celka,Cocci,1989-10-15,33,(804) 6585722,ccoccijh@storify.com,,A7177694
732,Hyacinthie,Dahlberg,1994-06-16,28,(760) 2779075,hdahlbergji@naver.com,,S5768977
733,Brigit,Dubois,1985-01-07,38,(858) 9808902,bduboisjj@oaic.gov.au,,C2986508
734,Conny,Rooney,1985-10-17,37,(223) 2242687,crooneyjk@a8.net,,Z1080466
735,Giraud,Rickword,2007-02-02,16,(521) 3615747,grickwordjl@mozilla.com,,R4354886
736,Gretchen,Farnin,1988-11-28,34,(150) 7904599,gfarninjm@angelfire.com,,K6932657
737,Rurik,Rosenblum,2000-08-25,22,(175) 2931959,rrosenblumjn@state.tx.us,,S6532899
738,Tamarah,Gringley,1982-04-01,41,(544) 3522050,tgringleyjo@delicious.com,,I5411480
739,Bathsheba,Gyford,1990-04-09,32,(190) 6898378,bgyfordjp@photobucket.com,,X8354340
740,Stevy,Clitsome,1982-03-18,41,(308) 3157956,sclitsomejq@aboutads.info,,W2560284
741,Payton,Tweedie,1992-12-09,30,(633) 3979922,ptweediejr@homestead.com,,X6956698
742,Giulia,Rottger,2008-05-10,14,(941) 2574795,grottgerjs@prweb.com,,P6325451
743,Clerissa,Moulson,2008-05-14,14,(372) 9721724,cmoulsonjt@soundcloud.com,,P6756829
744,Mignonne,Dabs,2008-05-10,14,(673) 2822489,mdabsju@oaic.gov.au,,F3611991
745,Birch,Simson,1985-09-29,37,(645) 6945991,bsimsonjv@edublogs.org,,S9515660
746,Anthia,MacFadyen,1993-09-08,29,(771) 1839376,amacfadyenjw@hubpages.com,,A1760513
747,Bank,Cosley,2002-09-19,20,(528) 2992433,bcosleyjx@msu.edu,,P4258603
748,Kathryne,Guttridge,1998-11-26,24,(375) 1275015,kguttridgejy@t.co,,Q2587071
749,Ivar,Hattigan,1996-12-01,26,(354) 1015160,ihattiganjz@apple.com,,C4181788
750,Peadar,MacAndreis,1995-09-05,27,(238) 6130086,pmacandreisk0@ning.com,,B2189240
751,Vita,Schubuser,2002-02-25,21,(385) 8900061,vschubuserk1@icq.com,,M6903935
752,Lulita,Stealfox,1996-11-12,26,(190) 1137782,lstealfoxk2@netvibes.com,,Q2845461
753,Shayne,Bispham,1980-05-17,42,(731) 5117732,sbisphamk3@multiply.com,,L5052417
754,Sofia,Musker,1984-01-07,39,(588) 5569507,smuskerk4@soup.io,,T3866442
755,Emlyn,Wartnaby,1992-10-04,30,(422) 8170043,ewartnabyk5@last.fm,,P2050749
756,Dorian,Mableson,1996-02-28,27,(737) 6334711,dmablesonk6@arstechnica.com,,N6628925
757,Kathrine,Rosenqvist,1982-10-23,40,(681) 5663383,krosenqvistk7@redcross.org,,T5853525
758,Filberto,Milbank,1987-04-15,35,(888) 3946703,fmilbankk8@reddit.com,,E5767154
759,Shelbi,Hawtin,1981-11-27,41,(810) 1015922,shawtink9@cisco.com,,N1688823
760,Glenna,Imlin,1980-03-23,43,(901) 9174156,gimlinka@list-manage.com,,J4250542
761,Chuck,Volke,2004-10-21,18,(897) 7879111,cvolkekb@bing.com,,G1688448
762,Timmy,Osborn,2006-06-03,16,(467) 5917213,tosbornkc@addtoany.com,,K7489116
763,Horten,Durrance,2004-02-16,19,(811) 2250613,hdurrancekd@yelp.com,,N7855409
764,Judon,Feldbaum,1990-10-10,32,(720) 5481274,jfeldbaumke@scientificamerican.com,,E8689288
765,Cynthia,Goudge,2001-03-14,22,(566) 2030480,cgoudgekf@wikispaces.com,,Y3043902
766,Brockie,Towsie,1999-12-02,23,(532) 8210004,btowsiekg@businessweek.com,,J2997519
767,Arnold,MacIlurick,1985-01-19,38,(404) 3045150,amacilurickkh@hexun.com,,J9131793
768,Martino,Woodhams,1980-11-16,42,(829) 8295500,mwoodhamski@histats.com,,E8416165
769,Marketa,Maffioni,2002-11-13,20,(663) 5813124,mmaffionikj@amazon.de,,M2057869
770,Carmita,Billany,1994-10-30,28,(141) 8564521,cbillanykk@last.fm,,Y3429312
771,Janith,Di Antonio,1990-01-29,33,(830) 4903648,jdiantoniokl@google.de,,Q6253875
772,Mack,Bjerkan,2003-11-27,19,(439) 3573296,mbjerkankm@sogou.com,,S7356656
773,Olive,Blindermann,1995-12-26,27,(428) 7847617,oblindermannkn@clickbank.net,,R1822243
774,Lizzie,Grassett,2009-01-15,14,(760) 7750647,lgrassettko@bravesites.com,,N4748092
775,Aubert,Priddle,1991-04-16,31,(755) 1536938,apriddlekp@newyorker.com,,Y6214598
776,Drusi,Thornton,1985-01-16,38,(608) 3348103,dthorntonkq@i2i.jp,,P5817836
777,Burg,Gillies,2005-07-15,17,(930) 8674859,bgillieskr@nationalgeographic.com,,H4301479
778,Keri,Kinnerk,2009-06-18,13,(198) 9760789,kkinnerkks@sfgate.com,,Z1837841
779,Emmi,Wasbey,1995-08-15,27,(598) 5269361,ewasbeykt@arstechnica.com,,J4520989
780,Trish,Jesse,2002-10-06,20,(343) 1217121,tjesseku@japanpost.jp,,U7107520
781,Alexandrina,Roizn,1981-10-31,41,(486) 3519261,aroiznkv@tmall.com,,S1344821
782,Fabian,Shetliff,1998-05-03,24,(103) 3562788,fshetliffkw@51.la,,A7556948
783,Christa,Newitt,1999-03-15,24,(226) 4489696,cnewittkx@wired.com,,L7453613
784,Tuesday,Loxly,1990-05-09,32,(576) 5130609,tloxlyky@uol.com.br,,U9856287
785,Peggi,Lethem,1990-06-27,32,(383) 3728358,plethemkz@dagondesign.com,,P6198934
786,Dahlia,Abella,1996-06-14,26,(317) 6492129,dabellal0@opera.com,,N6392416
787,Aubree,Hackney,1995-08-08,27,(624) 3217526,ahackneyl1@goodreads.com,,E3804347
788,Fanchon,Hayford,2006-02-05,17,(359) 1969547,fhayfordl2@dedecms.com,,E4516449
789,Alex,Kensall,1987-05-10,35,(827) 6568114,akensalll3@samsung.com,,M3506100
790,Oswald,Allwell,1981-10-01,41,(221) 5411700,oallwelll4@hibu.com,,R6249656
791,Leontine,Slimmon,2009-11-16,13,(370) 5166637,lslimmonl5@ucsd.edu,,N9761157
792,Hadleigh,Cornely,1995-10-18,27,(248) 6800720,hcornelyl6@foxnews.com,,N8175108
793,Dino,Gamble,1991-12-22,31,(355) 7706803,dgamblel7@jugem.jp,,S1233582
794,Carol,Mackerel,2010-11-25,12,(226) 7769872,cmackerell8@dagondesign.com,,T2247536
795,Tomkin,Backler,1997-08-28,25,(753) 7712655,tbacklerl9@ca.gov,,B6529231
796,Riki,Haimes,1987-02-05,36,(983) 1877135,rhaimesla@dell.com,,F2494574
797,Victor,Croyser,2004-11-03,18,(491) 8184546,vcroyserlb@epa.gov,,L2623517
798,Albrecht,Barnet,1999-11-10,23,(908) 2115523,abarnetlc@hc360.com,,O2573258
799,Darlleen,Pernell,1980-05-15,42,(115) 7625221,dpernellld@jigsy.com,,S3440032
800,Candace,Stickins,2010-05-27,12,(772) 4497640,cstickinsle@irs.gov,,A2342725
801,Veronica,Folkerts,2010-04-30,12,(590) 8410889,vfolkertslf@liveinternet.ru,,O5800040
802,Mariya,Alvis,1980-06-16,42,(989) 1534627,malvislg@chronoengine.com,,F7882050
803,Averyl,Smeath,2005-11-01,17,(308) 5420354,asmeathlh@amazon.co.uk,,F2101609
804,Charmian,Penhall,2001-05-07,21,(366) 8984964,cpenhallli@hp.com,,H4560339
805,Lyn,Swindell,2003-05-02,19,(338) 1059306,lswindelllj@studiopress.com,,V2316280
806,Junia,Waywell,1982-12-27,40,(373) 5174310,jwaywelllk@boston.com,,Q2755560
807,Raddie,Demetr,2009-09-19,13,(180) 1863335,rdemetrll@ehow.com,,F9858683
808,Cass,Dog,1995-04-29,27,(706) 5275793,cdoglm@joomla.org,,D4503540
809,Morty,Roseby,1998-04-30,24,(483) 5945012,mrosebyln@yahoo.com,,L2237559
810,Basile,Wilcott,2008-07-26,14,(509) 8237155,bwilcottlo@1und1.de,,N7852531
811,Kinna,Whiff,1992-10-07,30,(472) 8807649,kwhifflp@barnesandnoble.com,,V9641983
812,Heidie,Roman,1986-07-23,36,(866) 9260308,hromanlq@reverbnation.com,,W9344995
813,Emmett,Girvan,2000-08-21,22,(490) 5812740,egirvanlr@ucoz.com,,I4079707
814,Sibyl,Withrop,1985-11-07,37,(212) 6897003,swithropls@clickbank.net,,A7116375
815,Zacharia,Tuckie,1990-08-08,32,(774) 8892540,ztuckielt@nih.gov,,F8008938
816,Sloan,Prestland,2003-06-06,19,(450) 9889748,sprestlandlu@paypal.com,,V7694643
817,Kimberlee,Latty,2002-01-12,21,(199) 5400739,klattylv@jiathis.com,,R5357074
818,Grazia,Stanislaw,1995-03-30,28,(498) 6127154,gstanislawlw@barnesandnoble.com,,U1049061
819,Alan,Uebel,1986-02-28,37,(422) 5256953,auebellx@booking.com,,K3453989
820,Derick,Chiechio,2004-02-09,19,(994) 6583541,dchiechioly@twitpic.com,,D8624808
821,Arly,Coen,2006-06-15,16,(803) 9942222,acoenlz@nationalgeographic.com,,C1867100
822,Prudy,Kemmons,1985-04-01,38,(113) 8999578,pkemmonsm0@cbslocal.com,,D9652671
823,Lacey,Doggerell,1989-04-16,33,(469) 7467663,ldoggerellm1@npr.org,,U5234332
824,Ginger,Dalziell,2003-01-07,20,(157) 5326062,gdalziellm2@msn.com,,T8988620
825,Luciana,Visick,1987-06-03,35,(603) 6809862,lvisickm3@imageshack.us,,O7998996
826,Neall,Daoust,1995-08-16,27,(581) 3405743,ndaoustm4@dailymail.co.uk,,D9000426
827,Ericha,Rodenhurst,1999-02-05,24,(672) 2463157,erodenhurstm5@independent.co.uk,,Y1222594
828,Alejandrina,Wife,2000-07-27,22,(210) 5132763,awifem6@si.edu,,T6903299
829,Vevay,Marchent,1996-10-08,26,(648) 7200914,vmarchentm7@amazon.com,,Q4581497
830,Salomon,Reinbach,2000-07-06,22,(593) 5995244,sreinbachm8@uiuc.edu,,V8816942
831,Gordan,Ewens,1986-01-22,37,(957) 5424599,gewensm9@networkadvertising.org,,G9168938
832,Felipe,Caines,2010-01-24,13,(355) 8688518,fcainesma@addtoany.com,,G7096350
833,Yolanda,Aldus,2001-04-10,21,(483) 2843357,yaldusmb@yellowpages.com,,H1333836
834,Cassandry,Climance,1999-11-24,23,(477) 1659920,cclimancemc@mashable.com,,Q2520699
835,Allison,Safe,1989-12-07,33,(445) 8625457,asafemd@creativecommons.org,,J7647890
836,Duncan,Clausius,1997-12-25,25,(114) 6529774,dclausiusme@qq.com,,V7631561
837,Charita,Biskup,2010-12-31,12,(377) 7327493,cbiskupmf@uiuc.edu,,W7044340
838,Dannie,McCrainor,1984-01-20,39,(594) 1064552,dmccrainormg@chron.com,,E5655899
839,Sandie,Deville,2009-07-27,13,(627) 9999530,sdevillemh@cnet.com,,F4381094
840,Amata,Vasechkin,1994-06-25,28,(939) 7991185,avasechkinmi@wufoo.com,,L2653576
841,Gaultiero,Bytheway,2006-11-16,16,(311) 4127845,gbythewaymj@amazon.de,,D2480220
842,Dyna,Tomaino,2009-09-04,13,(865) 4268968,dtomainomk@tamu.edu,,O5397263
843,Jammie,Stathor,1981-03-23,42,(913) 9471018,jstathorml@eventbrite.com,,U3334648
844,Bourke,Faas,2003-02-12,20,(392) 5465672,bfaasmm@weather.com,,Y7115647
845,Yorke,Sloat,2004-10-07,18,(483) 4837784,ysloatmn@desdev.cn,,B5184887
846,Tybalt,Dalby,1999-10-25,23,(742) 7607328,tdalbymo@ow.ly,,W7296341
847,Shirlene,D'eye,1984-10-06,38,(451) 9959109,sdeyemp@nydailynews.com,,E2396658
848,Merilee,Pittet,1989-02-23,34,(652) 9030121,mpittetmq@msn.com,,Z2282793
849,Sawyer,Dewfall,1990-09-23,32,(742) 2286569,sdewfallmr@thetimes.co.uk,,H7734756
850,Agnesse,Nend,1985-03-08,38,(368) 4344450,anendms@reuters.com,,X8870787
851,Rayna,O'Hear,1991-09-26,31,(907) 3981282,rohearmt@earthlink.net,,X9457009
852,Jan,Upsale,1981-11-14,41,(321) 6017769,jupsalemu@ucoz.ru,,A7526593
853,Orella,Posselow,1984-05-15,38,(994) 7191286,oposselowmv@mac.com,,O7497823
854,Fons,Simond,2004-05-21,18,(537) 3899527,fsimondmw@reddit.com,,D1140483
855,Taite,Liccardo,2000-03-08,23,(104) 3140194,tliccardomx@latimes.com,,A2939551
856,Vikky,Malsher,1987-12-15,35,(581) 5998331,vmalshermy@jigsy.com,,W5883079
857,Loralie,Sarton,2002-11-23,20,(564) 7873423,lsartonmz@edublogs.org,,V8754910
858,Paul,Jeakins,1987-03-01,36,(672) 6883998,pjeakinsn0@mail.ru,,S5793780
859,Jayne,Eadmead,1980-08-01,42,(780) 2283073,jeadmeadn1@com.com,,I1938735
860,Robbin,Maneylaws,1991-10-29,31,(194) 7491218,rmaneylawsn2@networksolutions.com,,O3785194
861,Doria,Kemwal,1994-03-09,29,(591) 4015027,dkemwaln3@myspace.com,,M4218382
862,Hildy,Grube,1992-04-27,30,(371) 8889415,hgruben4@posterous.com,,J1993009
863,Bondon,Dibdin,2000-08-26,22,(221) 5517362,bdibdinn5@scientificamerican.com,,D2247373
864,Son,Bowell,2008-10-30,14,(730) 2861989,sbowelln6@google.cn,,N4700355
865,Amber,Hightown,1992-10-10,30,(133) 6039075,ahightownn7@answers.com,,C4336487
866,Phillipp,Forri,1983-09-26,39,(895) 2444415,pforrin8@europa.eu,,S6439158
867,Bryana,Mash,2001-10-01,21,(913) 5680988,bmashn9@tmall.com,,P4447483
868,Mikaela,Pengelley,1983-09-20,39,(688) 6302649,mpengelleyna@dyndns.org,,Q2132039
869,Raddy,Jozefowicz,1981-05-20,41,(617) 6590807,rjozefowicznb@so-net.ne.jp,,T9857239
870,Thain,Prangnell,1985-10-14,37,(965) 3357345,tprangnellnc@uol.com.br,,O2960204
871,Conan,Gillmore,2001-12-21,21,(159) 2810097,cgillmorend@cloudflare.com,,L3715982
872,Berk,Felten,1982-11-11,40,(617) 2508161,bfeltenne@xinhuanet.com,,Y5394483
873,Gilles,Reyburn,1997-10-29,25,(844) 1196720,greyburnnf@fema.gov,,U9980567
874,Selby,McKeller,1989-08-20,33,(532) 6329148,smckellerng@amazon.com,,C9765857
875,Charlton,Pellew,1990-02-17,33,(344) 5293617,cpellewnh@yahoo.com,,Y7543479
876,Pierson,Theze,1985-03-11,38,(774) 6322284,pthezeni@nasa.gov,,X5824631
877,Alfi,Millard,1986-08-13,36,(245) 4642304,amillardnj@narod.ru,,Z4007518
878,Lonna,Gooley,1993-10-20,29,(424) 9709639,lgooleynk@macromedia.com,,N1999614
879,Georgeta,Elphinstone,1983-02-27,40,(191) 3608262,gelphinstonenl@networkadvertising.org,,R6653990
880,Kit,Wiersma,1987-06-10,35,(229) 3920092,kwiersmanm@cdbaby.com,,R8551094
881,Gonzalo,Bateson,1980-10-16,42,(143) 5169176,gbatesonnn@yolasite.com,,C9279076
882,Nathan,Sciacovelli,2004-08-01,18,(301) 7030733,nsciacovellino@newsvine.com,,D3597246
883,Sollie,MacTrustam,1989-12-22,33,(557) 9489779,smactrustamnp@gnu.org,,G5053406
884,Otis,Coleford,1991-10-27,31,(839) 8277242,ocolefordnq@unblog.fr,,C1907340
885,Rosalinda,Rolles,1987-01-05,36,(414) 9259270,rrollesnr@google.com,,A2726522
886,Garvey,Alecock,1989-11-18,33,(832) 8524110,galecockns@opera.com,,P6358910
887,Jacynth,Buttler,1983-04-15,39,(976) 4743945,jbuttlernt@dropbox.com,,B9565284
888,Parker,Myrie,2006-10-14,16,(761) 4983039,pmyrienu@1und1.de,,T3193777
889,Dena,Farleigh,1999-08-11,23,(199) 1316199,dfarleighnv@livejournal.com,,J8626290
890,Aloisia,Sonier,2002-08-01,20,(427) 3784223,asoniernw@sfgate.com,,Q6264466
891,Dulsea,Hryncewicz,2001-10-23,21,(315) 8286656,dhryncewicznx@seattletimes.com,,V7631559
892,Lek,Gibben,1982-07-01,40,(468) 3411333,lgibbenny@netscape.com,,E4777507
893,Vasili,Carling,1989-08-27,33,(495) 5496669,vcarlingnz@yandex.ru,,O8581621
894,Lulu,Olman,1980-02-21,43,(507) 6130921,lolmano0@t.co,,H2938444
895,Cate,Pacey,2002-05-12,20,(408) 8445527,cpaceyo1@sohu.com,,A9677414
896,Shannon,Gilluley,1989-11-08,33,(845) 9744411,sgilluleyo2@squarespace.com,,M4808265
897,Jilli,Ellsom,1992-07-18,30,(862) 9403084,jellsomo3@wikipedia.org,,T3237322
898,Rog,Mussetti,1999-07-12,23,(361) 2363629,rmussettio4@apache.org,,H9423114
899,Myron,Philippard,2008-08-07,14,(813) 1229874,mphilippardo5@vkontakte.ru,,C5446403
900,Frederigo,Kinnard,1993-03-22,30,(621) 6012131,fkinnardo6@toplist.cz,,X5037094
901,Van,Dufoure,2010-10-11,12,(925) 3724878,vdufoureo7@engadget.com,,N6630825
902,Kellina,Schiersch,1980-07-05,42,(952) 4031641,kschierscho8@ft.com,,Q7506854
903,Odetta,Senner,2007-10-14,15,(193) 5295934,osennero9@vk.com,,Q7697230
904,Frank,Smaridge,1981-09-17,41,(896) 5815743,fsmaridgeoa@qq.com,,O6654163
905,Hakim,Rosario,1984-01-15,39,(461) 5950710,hrosarioob@fc2.com,,I2780024
906,Any,Bartleman,1996-09-20,26,(686) 2281448,abartlemanoc@imageshack.us,,I2797275
907,Elisabeth,Linstead,1994-01-02,29,(662) 7213456,elinsteadod@arstechnica.com,,D2024140
908,Bryanty,Frayne,1997-06-09,25,(690) 8463346,bfrayneoe@cdc.gov,,H6699872
909,Thayne,Laurencot,1986-04-29,36,(199) 9550449,tlaurencotof@sphinn.com,,Z7248600
910,Erminie,Pearmine,2008-03-10,15,(969) 5208301,epearmineog@ning.com,,Q5816995
911,Timothy,Dinneges,2000-06-19,22,(938) 1283562,tdinnegesoh@artisteer.com,,U8898708
912,Aarika,Louth,1995-07-22,27,(645) 9288340,alouthoi@ucoz.com,,C9338008
913,Amie,Castellucci,1988-05-05,34,(254) 3759697,acastelluccioj@nytimes.com,,S4015844
914,Tillie,Purchon,1998-12-24,24,(625) 1660804,tpurchonok@biglobe.ne.jp,,O2206343
915,Danyelle,Sidsaff,1990-03-16,33,(209) 3488355,dsidsaffol@independent.co.uk,,O5191994
916,Pennie,Duiged,1982-10-27,40,(113) 7386782,pduigedom@ow.ly,,H9940976
917,Dimitri,Spellar,1997-07-05,25,(119) 8610177,dspellaron@infoseek.co.jp,,V7816223
918,Ernestus,Petrovic,1998-05-28,24,(860) 7671788,epetrovicoo@amazon.de,,C9733806
919,Helsa,McDuff,2000-01-21,23,(396) 8711863,hmcduffop@squidoo.com,,E4659351
920,Elizabet,Grundle,2008-10-24,14,(390) 8798805,egrundleoq@squidoo.com,,M4099110
921,Freddie,Durrad,1980-09-17,42,(240) 7991516,fdurrador@alexa.com,,C9161440
922,Marla,Plackstone,1995-01-02,28,(576) 6721462,mplackstoneos@trellian.com,,C3897545
923,Kerrin,Giron,2006-04-15,16,(513) 4051247,kgironot@nba.com,,R1379437
924,Phylis,Krikorian,2007-04-30,15,(257) 2526890,pkrikorianou@tmall.com,,F3272351
925,Cassius,Dysart,1987-01-24,36,(558) 7973990,cdysartov@senate.gov,,X4753527
926,Minnaminnie,Kelemen,2009-03-23,14,(804) 6456041,mkelemenow@thetimes.co.uk,,V3622506
927,Vevay,Stripling,1992-09-20,30,(283) 5482746,vstriplingox@comcast.net,,N4237176
928,Chicky,Swinglehurst,1986-08-04,36,(262) 6013143,cswinglehurstoy@bluehost.com,,R6408548
929,Towney,Conaboy,2003-03-02,20,(403) 7213280,tconaboyoz@mayoclinic.com,,V3097011
930,Dory,Hazeup,1988-11-15,34,(734) 9672725,dhazeupp0@cnbc.com,,L6380250
931,Pandora,O'Lennachain,2000-03-14,23,(912) 9392515,polennachainp1@springer.com,,O3134511
932,Florri,Cauldfield,1983-01-05,40,(297) 2463263,fcauldfieldp2@sun.com,,R9201821
933,Geno,Banat,1998-08-13,24,(399) 6492868,gbanatp3@epa.gov,,U2005289
934,Kennan,Redihalgh,2009-09-15,13,(721) 5879581,kredihalghp4@techcrunch.com,,Z5026239
935,Hermy,Rowett,1981-06-14,41,(402) 1975893,hrowettp5@harvard.edu,,A4017217
936,Millard,Kees,1988-10-01,34,(972) 4197847,mkeesp6@seesaa.net,,Q4658868
937,Zaneta,Fain,1987-05-02,35,(987) 6145013,zfainp7@so-net.ne.jp,,P1547443
938,Meir,Sconce,1995-04-05,27,(652) 4421666,msconcep8@github.com,,V2411512
939,Aksel,Laughton,1997-02-03,26,(365) 1744981,alaughtonp9@prnewswire.com,,Y1430665
940,Cristin,Ogley,1982-08-03,40,(319) 5722907,cogleypa@amazonaws.com,,V6633258
941,Hadleigh,Chown,1991-11-06,31,(830) 6827951,hchownpb@stanford.edu,,Z3881491
942,Renata,Littlepage,1995-07-05,27,(927) 2618342,rlittlepagepc@usda.gov,,B6620889
943,Elyssa,Garfirth,1998-04-24,24,(566) 9295790,egarfirthpd@cam.ac.uk,,G4160765
944,Freedman,Genery,2007-10-12,15,(619) 7647646,fgenerype@wikia.com,,T1732219
945,Price,Dyne,1988-02-22,35,(845) 7067708,pdynepf@businesswire.com,,C6875295
946,Andrea,Paule,1985-10-29,37,(398) 5779298,apaulepg@quantcast.com,,N5730359
947,Carline,Gadman,1994-05-23,28,(709) 2791932,cgadmanph@patch.com,,K9755151
948,Flossi,Trevenu,1981-07-12,41,(855) 7075119,ftrevenupi@redcross.org,,P6607777
949,Gonzalo,Flarity,1997-01-18,26,(758) 5929451,gflaritypj@myspace.com,,D7025272
950,Giffie,Grebbin,1998-04-12,24,(722) 3144074,ggrebbinpk@google.com.hk,,B2914856
951,Sidonnie,Pinhorn,2002-07-19,20,(713) 9266212,spinhornpl@shutterfly.com,,Z8850662
952,Tanny,Trowell,1991-08-09,31,(960) 1624488,ttrowellpm@toplist.cz,,A8675489
953,Adrea,Oldfield-Cherry,2007-01-12,16,(908) 9214472,aoldfieldcherrypn@senate.gov,,C1454278
954,Marilee,Cleverly,1991-01-28,32,(493) 3719734,mcleverlypo@alibaba.com,,S2560081
955,Kimmie,D'Ambrogio,2007-12-17,15,(224) 3218457,kdambrogiopp@youtube.com,,P7811323
956,Matias,Corringham,1997-02-11,26,(262) 1010238,mcorringhampq@biglobe.ne.jp,,R1180504
957,Margalit,Iwanowski,1988-07-13,34,(997) 2152137,miwanowskipr@oaic.gov.au,,I2758223
958,Reggy,Leake,1996-06-26,26,(980) 6966214,rleakeps@whitehouse.gov,,P7509506
959,Moina,Reeves,1982-09-18,40,(621) 6936965,mreevespt@businessinsider.com,,I2559061
960,Karalynn,Eliasson,1986-08-01,36,(947) 7064226,keliassonpu@state.gov,,M5005904
961,Brose,Cron,1990-10-03,32,(446) 2684690,bcronpv@usda.gov,,H3978358
962,Carly,Bermingham,1984-09-04,38,(163) 3328612,cberminghampw@facebook.com,,P5608576
963,Julius,Beadon,1991-03-10,32,(997) 2559247,jbeadonpx@europa.eu,,J8002777
964,Freddy,Prickett,1982-01-02,41,(909) 4641753,fprickettpy@4shared.com,,S2344780
965,Lorna,Got,1984-12-30,38,(553) 7494592,lgotpz@amazonaws.com,,B9175420
966,Nico,Spencer,2002-12-08,20,(255) 5250428,nspencerq0@sun.com,,R6268274
967,Margaux,Kolakowski,1999-11-08,23,(470) 7263099,mkolakowskiq1@biblegateway.com,,J4491573
968,Ladonna,Culpin,2004-05-01,18,(669) 3588820,lculpinq2@unesco.org,,A1556669
969,Sebastian,Kinghorne,1986-10-04,36,(570) 4998170,skinghorneq3@ftc.gov,,E9793930
970,Randee,Fosse,2002-11-19,20,(443) 3421244,rfosseq4@fastcompany.com,,M3960681
971,Caye,Spellar,1992-12-29,30,(603) 5496104,cspellarq5@microsoft.com,,Y4880903
972,Peterus,Liddle,1981-05-03,41,(280) 1721606,pliddleq6@smh.com.au,,I5622743
973,Evan,Pash,1993-07-28,29,(475) 6979993,epashq7@archive.org,,R3491883
974,Israel,Whalley,2002-04-12,20,(251) 8548286,iwhalleyq8@bizjournals.com,,R7368813
975,Michaela,Burnand,2001-01-07,22,(473) 5019737,mburnandq9@msu.edu,,V5293790
976,Nelly,Tetlow,2000-06-01,22,(340) 3663234,ntetlowqa@census.gov,,P8385285
977,Elia,Christene,1991-08-09,31,(216) 7423469,echristeneqb@gov.uk,,L6649326
978,Leslie,McKelvey,1992-06-30,30,(636) 3648219,lmckelveyqc@delicious.com,,Q5480209
979,Rodrique,Tytherton,1985-05-15,37,(277) 4186239,rtythertonqd@dyndns.org,,O1695004
980,Thurstan,Swane,1980-09-13,42,(898) 6571636,tswaneqe@webmd.com,,J4112974
981,Massimiliano,Rawsthorne,2006-09-19,16,(160) 2262570,mrawsthorneqf@independent.co.uk,,D8366996
982,Glori,Linne,1980-07-12,42,(290) 2749255,glinneqg@webs.com,,U3103194
983,Angelina,Powling,2010-03-13,13,(597) 5286510,apowlingqh@miitbeian.gov.cn,,J3869926
984,Nial,Johnsee,1993-05-27,29,(988) 1926097,njohnseeqi@xrea.com,,Q7236670
985,Ricki,Huckerbe,2004-02-18,19,(544) 1853124,rhuckerbeqj@csmonitor.com,,V6891611
986,Conchita,Lewington,1990-08-26,32,(961) 1888882,clewingtonqk@sbwire.com,,W6785063
987,Rolland,Pawley,1997-08-24,25,(503) 3951347,rpawleyql@independent.co.uk,,K5422752
988,D'arcy,Oswell,2006-05-01,16,(768) 1569194,doswellqm@unesco.org,,G1634912
989,Adore,Exley,2003-11-30,19,(678) 1480022,aexleyqn@opera.com,,A7833615
990,Casper,Camolli,1992-06-18,30,(702) 1818942,ccamolliqo@ocn.ne.jp,,I5270290
991,Barbie,Musla,2006-12-28,16,(704) 1451591,bmuslaqp@istockphoto.com,,N8287775
992,Sheila,Simmank,1984-01-19,39,(222) 1948515,ssimmankqq@odnoklassniki.ru,,C3705364
993,Dilan,Henniger,2003-11-23,19,(637) 4897991,dhennigerqr@nifty.com,,S7693818
994,Katy,Alexis,2001-05-22,21,(981) 5114484,kalexisqs@state.gov,,M6824730
995,Talbot,Warmisham,1993-05-07,29,(401) 4992199,twarmishamqt@uol.com.br,,C1699887
996,Barbey,Ida,1982-11-01,40,(161) 1131722,bidaqu@timesonline.co.uk,,L9318374
997,Ede,Haslum,1981-01-01,42,(480) 8166951,ehaslumqv@squidoo.com,,J3767287
998,Freedman,Leggat,1999-12-08,23,(544) 7217379,fleggatqw@google.it,,S8224167
999,Pip,Impett,1986-12-26,36,(427) 9474786,pimpettqx@ameblo.jp,,X1537663
1000,Dianemarie,Barwell,2007-01-12,16,(794) 8598982,dbarwellqy@sogou.com,,B1418685
1001,Halette,Ferie,2004-03-16,19,(131) 2071565,hferieqz@bbb.org,,L4527693
1002,Lexi,Lazare,1992-07-16,30,(930) 2506760,llazarer0@fema.gov,,H3053300
1003,Shelagh,Zanioletti,1985-06-24,37,(958) 3349456,szaniolettir1@npr.org,,V4183591
1004,Katrinka,Gilbard,1980-08-07,42,(908) 7123897,kgilbardr2@fda.gov,,J9247502
1005,Tiphany,Gaukrodge,1983-09-13,39,(970) 9808368,tgaukrodger3@google.es,,F2048926
1006,Reggie,McMillam,1993-12-07,29,(444) 2380126,rmcmillamr4@networksolutions.com,,M6853541
1007,Hogan,McCoveney,2007-08-21,15,(455) 6280423,hmccoveneyr5@github.io,,T9381346
1008,Robina,Brigshaw,1999-09-23,23,(299) 6350986,rbrigshawr6@istockphoto.com,,E3869613
1009,Lusa,Jeremaes,1986-01-05,37,(425) 2898121,ljeremaesr7@yahoo.co.jp,,D3012528
1010,Aurore,Geldert,1995-06-28,27,(906) 5364236,ageldertr8@webmd.com,,S8947685
1011,Kahaleel,Knightsbridge,2006-06-10,16,(759) 6786802,kknightsbridger9@plala.or.jp,,O5845201
1012,Hubert,O'Crevy,2000-03-16,23,(176) 5925432,hocrevyra@bing.com,,R2580276
1013,Hunfredo,Braemer,2010-09-05,12,(956) 7304131,hbraemerrb@slate.com,,S1804195
1014,Colet,Tolmie,2000-02-29,23,(234) 4130638,ctolmierc@kickstarter.com,,A5955219
1015,Holly,Pitman,1987-11-25,35,(536) 3934469,hpitmanrd@mac.com,,W3687687
1016,Shalom,Fidock,2002-09-11,20,(359) 7260751,sfidockre@php.net,,P2876364
1017,Natal,Austing,1999-08-03,23,(510) 4178544,naustingrf@google.com.au,,F4889516
1018,Kipp,Inger,1998-04-02,25,(468) 7708490,kingerrg@opera.com,,K9707859
1019,Myron,Hardes,1981-12-30,41,(829) 3655442,mhardesrh@chicagotribune.com,,T4751946
1020,Cymbre,Peachment,1984-10-14,38,(235) 5549894,cpeachmentri@google.com.au,,B6277059
1021,Isak,Pizzey,2008-04-17,14,(110) 2973886,ipizzeyrj@yahoo.com,,Y8722469
1022,Any,Pantling,2000-04-28,22,(675) 7871640,apantlingrk@craigslist.org,,T3329167
1023,Issie,Olivelli,1985-06-04,37,(409) 2347850,iolivellirl@home.pl,,H4144397
1024,Whit,Sandry,1993-09-16,29,(206) 9925068,wsandryrm@live.com,,F7708445
1025,Lizbeth,Neesham,1984-10-08,38,(584) 5974685,lneeshamrn@shinystat.com,,R9545502
1026,Carolynn,Shakeshaft,2010-07-21,12,(931) 9735339,cshakeshaftro@pbs.org,,A9033845
1027,Roberto,Neissen,1992-09-05,30,(679) 3569629,rneissenrp@jalbum.net,,T1434643
1028,Dermot,Lukins,2006-12-21,16,(864) 2690230,dlukinsrq@vinaora.com,,I6698066
1029,Chelsey,Brecknall,1987-07-04,35,(450) 5615205,cbrecknallrr@narod.ru,,H4263618
